Date,Open,High,Low,Close,Adjusted Close,Volume,Symbol
2020-04-08,60.3300,60.9500,59.4100,60.5100,60.2300,39502700,GOOG
2020-04-09,61.2000,61.2800,59.8400,60.5700,60.2900,43508420,GOOG
2020-04-13,60.4600,61.0300,59.3800,60.8800,60.6000,34796560,GOOG
2020-04-14,62.2500,64.1000,61.8500,63.4600,63.1600,49408000,GOOG
2020-04-15,62.2800,64.0200,62.0200,63.1200,62.8300,33434060,GOOG
2020-04-16,63.7100,63.9500,62.1300,63.1700,62.8800,50362000,GOOG
2020-04-17,64.2400,64.7200,63.5600,64.1600,63.8600,38980840,GOOG
2020-04-20,63.5500,64.0800,63.0700,63.3300,63.0300,33910000,GOOG
2020-04-21,62.3500,62.7100,60.4900,60.8200,60.5400,43060060,GOOG
2020-04-22,62.2800,64.2800,62.1000,63.1600,62.8700,41862800,GOOG
2020-04-23,63.5800,64.6700,63.2800,63.8200,63.5200,31324060,GOOG
2020-04-24,63.0600,64.0200,62.4700,63.9700,63.6700,32807880,GOOG
2020-04-27,64.8000,64.8100,63.4500,63.7900,63.4900,32012000,GOOG
2020-04-28,64.4000,64.4000,61.6100,61.6800,61.3900,59026179,GOOG
2020-04-29,67.0700,68.0000,66.2700,67.0700,66.7600,75872600,GOOG
2020-04-30,66.2400,67.6400,66.1200,67.4300,67.1200,53378120,GOOG
2020-05-01,66.4300,67.6000,65.5500,66.0300,65.7200,41452780,GOOG
2020-05-04,65.4100,66.3800,64.9500,66.3400,66.0300,30080340,GOOG
2020-05-05,66.9000,68.7000,66.8700,67.5600,67.2500,33030660,GOOG
2020-05-06,68.0800,68.5600,67.3600,67.3600,67.0500,24308460,GOOG
2020-05-07,68.3000,68.8800,67.7600,68.6300,68.3100,27995180,GOOG
2020-05-08,69.1600,69.9400,68.7700,69.4200,69.1000,27761360,GOOG
2020-05-11,68.9100,70.8300,68.8600,70.1600,69.8300,28242320,GOOG
2020-05-12,70.3600,70.7500,68.7400,68.7900,68.4700,27812000,GOOG
2020-05-13,68.8500,69.2700,66.4200,67.4700,67.1600,36252000,GOOG
2020-05-14,66.7500,67.8700,66.2000,67.8100,67.4900,32062000,GOOG
2020-05-15,67.5000,68.7200,66.9500,68.6600,68.3400,34154940,GOOG
2020-05-18,68.0900,69.6200,67.7100,69.2000,68.8800,36479280,GOOG
2020-05-19,69.3500,69.6000,68.6700,68.6700,68.3500,25612980,GOOG
2020-05-20,69.4800,70.5200,69.3600,70.3400,70.0100,33108000,GOOG
2020-05-21,70.4000,70.7700,69.6700,70.1400,69.8100,27703880,GOOG
2020-05-22,69.8400,70.6400,69.5900,70.5200,70.1900,26188160,GOOG
2020-05-26,71.8600,72.0500,70.6100,70.8500,70.5200,41212860,GOOG
2020-05-27,70.8600,71.0900,69.5600,70.8900,70.5600,33722840,GOOG
2020-05-28,69.8400,72.0400,69.8000,70.8400,70.5100,33879520,GOOG
2020-05-29,70.8500,71.6300,70.6700,71.4500,71.1200,36761180,GOOG
2020-06-01,70.9200,71.9000,70.9000,71.5900,71.2600,24342800,GOOG
2020-06-02,71.5300,71.9800,70.9400,71.9600,71.6200,25562560,GOOG
2020-06-03,71.9200,72.3300,71.4900,71.8200,71.4900,25124000,GOOG
2020-06-04,71.5200,71.9500,70.2400,70.6100,70.2800,29686000,GOOG
2020-06-05,70.6600,72.2500,70.3000,71.9200,71.5800,34704880,GOOG
2020-06-08,71.1200,72.4000,71.1200,72.3300,71.9900,28084000,GOOG
2020-06-09,72.2700,73.4000,72.1600,72.8100,72.4700,28184980,GOOG
2020-06-10,72.9800,73.7100,72.8100,73.2900,72.9500,30504000,GOOG
2020-06-11,72.1200,72.7200,70.1000,70.1900,69.8600,39826640,GOOG
2020-06-12,71.4200,71.8500,69.3000,70.6600,70.3300,38928000,GOOG
2020-06-15,69.5400,71.2400,69.4000,70.9900,70.6600,30121920,GOOG
2020-06-16,72.2600,72.7500,71.3000,72.1400,71.8000,34232280,GOOG
2020-06-17,72.3600,73.0000,71.5700,72.5600,72.2200,30992300,GOOG
2020-06-18,72.4600,72.5700,71.3500,71.8000,71.4700,31638320,GOOG
2020-06-19,72.2000,72.3900,71.0700,71.5900,71.2600,63158000,GOOG
2020-06-22,71.4500,72.6400,71.1600,72.5900,72.2500,30848800,GOOG
2020-06-23,72.7800,73.8000,72.2600,73.2200,72.8800,28596000,GOOG
2020-06-24,73.0800,73.7700,71.4900,71.6000,71.2700,35120440,GOOG
2020-06-25,71.5000,72.1500,71.0000,72.0700,71.7300,24610000,GOOG
2020-06-26,71.5700,71.6700,67.6000,68.0000,67.6800,85354000,GOOG
2020-06-29,67.9100,69.7800,67.3500,69.7500,69.4200,36204000,GOOG
2020-06-30,69.5200,70.9300,69.2000,70.6800,70.3500,40848000,GOOG
2020-07-01,70.5600,72.1500,70.4900,71.9000,71.5600,35504000,GOOG
2020-07-02,72.3500,74.1500,72.3200,73.2400,72.9000,37189600,GOOG
2020-07-06,74.0000,75.3300,73.6400,74.7900,74.4400,31280000,GOOG
2020-07-07,74.5000,75.8400,74.1800,74.2600,73.9100,29164000,GOOG
2020-07-08,74.7200,75.2900,74.2800,74.8000,74.4500,24994000,GOOG
2020-07-09,75.3200,76.1400,74.4000,75.5500,75.2000,28466440,GOOG
2020-07-10,75.3100,77.1900,74.8300,77.0900,76.7300,37134080,GOOG
2020-07-13,77.5000,78.8600,75.2600,75.5700,75.2200,36928480,GOOG
2020-07-14,74.5200,76.1500,74.1800,76.0300,75.6800,31700320,GOOG
2020-07-15,76.1600,76.7700,74.9000,75.6800,75.3300,32214000,GOOG
2020-07-16,75.0000,75.9300,74.3200,75.9000,75.5500,30386900,GOOG
2020-07-17,76.0800,76.1700,74.9200,75.7800,75.4300,29140200,GOOG
2020-07-20,75.7600,78.5100,75.1800,78.2900,77.9300,31146000,GOOG
2020-07-21,79.3500,79.3500,77.7100,77.9200,77.5600,24372900,GOOG
2020-07-22,78.0300,78.5000,77.3100,78.4200,78.0500,18640000,GOOG
2020-07-23,78.3500,78.5900,75.3700,75.7800,75.4300,32552680,GOOG
2020-07-24,74.9500,75.8800,74.4200,75.5900,75.2400,30888080,GOOG
2020-07-27,75.7800,77.0500,75.7600,76.5100,76.1500,24920000,GOOG
2020-07-28,76.2600,76.3200,74.8800,75.0200,74.6700,34044000,GOOG
2020-07-29,75.3200,76.5600,75.0700,76.1000,75.7500,22130680,GOOG
2020-07-30,74.8500,76.8900,74.6100,76.5700,76.2100,33428000,GOOG
2020-07-31,75.2500,75.4500,72.7000,74.1500,73.8000,68798000,GOOG
2020-08-03,74.3300,74.5200,73.2800,73.7200,73.3800,46630280,GOOG
2020-08-04,73.8300,74.2800,72.9300,73.2500,72.9100,38070000,GOOG
2020-08-05,73.4700,74.1200,73.1700,73.6800,73.3400,39599140,GOOG
2020-08-06,73.5900,75.1200,73.3000,75.0100,74.6600,39908000,GOOG
2020-08-07,75.0000,75.8400,74.0800,74.7200,74.3700,31556520,GOOG
2020-08-10,74.3600,75.2000,73.6500,74.8100,74.4600,25790600,GOOG
2020-08-11,74.6200,75.5000,73.9000,74.0200,73.6800,29088000,GOOG
2020-08-12,74.2800,75.6200,74.2600,75.3300,74.9800,28753100,GOOG
2020-08-13,75.5200,76.8600,75.4000,75.9200,75.5700,29104160,GOOG
2020-08-14,75.7800,76.1000,75.1400,75.3900,75.0400,27104000,GOOG
2020-08-17,75.7300,76.2800,75.4000,75.9000,75.5500,27572000,GOOG
2020-08-18,76.3100,78.1200,76.1900,77.9300,77.5700,40542000,GOOG
2020-08-19,77.6700,78.6800,77.2000,77.3800,77.0200,33212220,GOOG
2020-08-20,77.1700,79.2900,76.9100,79.0900,78.7200,34138000,GOOG
2020-08-21,78.8500,79.8900,78.4000,79.0200,78.6500,28930000,GOOG
2020-08-24,79.7000,80.7100,79.0300,79.4100,79.0400,28204580,GOOG
2020-08-25,79.1000,80.5800,79.1000,80.4100,80.0400,44942000,GOOG
2020-08-26,80.4000,82.9600,80.1800,82.6200,82.2300,79868000,GOOG
2020-08-27,82.6800,82.7500,81.2900,81.7200,81.3400,37232040,GOOG
2020-08-28,81.6700,82.3600,81.5400,82.2200,81.8400,29995640,GOOG
2020-08-31,82.3900,82.4000,81.5200,81.7100,81.3300,36468120,GOOG
2020-09-01,81.8300,83.2900,81.6100,83.0400,82.6500,36533100,GOOG
2020-09-02,83.6900,86.6600,83.3200,86.4100,86.0100,50224000,GOOG
2020-09-03,85.4900,85.4900,80.7500,82.0900,81.7100,62156000,GOOG
2020-09-04,81.2100,82.2600,77.3800,79.5500,79.1800,52172000,GOOG
2020-09-08,76.6800,78.1900,76.4000,76.6200,76.2600,52218000,GOOG
2020-09-09,77.8800,78.4500,76.8000,77.8500,77.4900,35494080,GOOG
2020-09-10,78.0300,79.2000,76.2900,76.6000,76.2400,32372000,GOOG
2020-09-11,76.8000,78.7600,74.8700,76.0400,75.6900,31942000,GOOG
2020-09-14,76.9500,78.2000,75.7900,75.9600,75.6100,33932000,GOOG
2020-09-15,76.8000,77.9800,76.5900,77.0700,76.7100,26622000,GOOG
2020-09-16,77.7800,78.1000,75.9900,76.0500,75.7000,26245980,GOOG
2020-09-17,74.8000,75.4100,73.5000,74.7800,74.4300,37596000,GOOG
2020-09-18,74.9000,75.1500,71.8600,73.0000,72.6600,62078000,GOOG
2020-09-21,72.0000,72.4200,70.3300,71.5600,71.2300,57776539,GOOG
2020-09-22,72.5000,73.4800,71.7300,73.2700,72.9300,31664020,GOOG
2020-09-23,72.9400,73.0500,70.3900,70.7600,70.4300,33148000,GOOG
2020-09-24,70.5500,72.1900,70.4900,71.4100,71.0800,29004320,GOOG
2020-09-25,71.6300,72.5000,70.6700,72.2500,71.9100,26467500,GOOG
2020-09-28,73.7100,73.8400,72.4700,73.2300,72.8900,40158820,GOOG
2020-09-29,73.5200,73.8300,72.9400,73.4700,73.1300,19582040,GOOG
2020-09-30,73.3400,74.4900,72.9900,73.4800,73.1400,34032160,GOOG
2020-10-01,74.2100,74.9500,73.9600,74.5000,74.1500,35590000,GOOG
2020-10-02,73.1000,74.1600,72.5500,72.9200,72.5800,25682000,GOOG
2020-10-05,73.3100,74.4100,73.2100,74.3000,73.9500,22266000,GOOG
2020-10-06,73.7800,74.3400,72.4300,72.6700,72.3300,24908460,GOOG
2020-10-07,73.2100,73.4500,71.8000,73.0100,72.6700,34924000,GOOG
2020-10-08,73.2500,74.5000,73.2500,74.3000,73.9500,23756620,GOOG
2020-10-09,74.7400,75.8300,74.4700,75.7600,75.4100,28710840,GOOG
2020-10-12,77.1500,79.6900,76.6300,78.4600,78.0900,49652000,GOOG
2020-10-13,79.1900,79.5000,78.1600,78.5800,78.2100,32020860,GOOG
2020-10-14,78.9300,79.3800,77.5300,78.4000,78.0300,38619800,GOOG
2020-10-15,77.3600,78.7600,77.2500,77.9600,77.6000,30816340,GOOG
2020-10-16,78.2900,79.0600,78.1500,78.6500,78.2800,28702740,GOOG
2020-10-19,79.0200,79.4100,76.4000,76.7300,76.3700,32142000,GOOG
2020-10-20,76.3500,78.8800,76.2800,77.8000,77.4400,44851440,GOOG
2020-10-21,78.6700,80.9400,78.5800,79.6700,79.3000,51366900,GOOG
2020-10-22,79.6500,81.1000,79.2500,80.7700,80.3900,28680840,GOOG
2020-10-23,81.3000,82.1200,81.0300,82.0500,81.6700,27516880,GOOG
2020-10-26,81.2500,81.9100,78.8300,79.5200,79.1500,37066000,GOOG
2020-10-27,79.7800,80.3400,79.1400,80.2100,79.8400,24580040,GOOG
2020-10-28,77.9900,78.0700,75.7300,75.8300,75.4800,36680000,GOOG
2020-10-29,76.1200,79.6900,76.1100,78.3600,77.9900,40062000,GOOG
2020-10-30,83.6100,84.3500,80.2200,81.0500,80.6700,86617240,GOOG
2020-11-02,81.4100,83.0400,80.8000,81.3000,80.9200,50708920,GOOG
2020-11-03,81.5900,83.0900,80.8300,82.5100,82.1300,33234000,GOOG
2020-11-04,85.5100,88.5700,85.3000,87.4600,87.0500,71418540,GOOG
2020-11-05,89.0500,89.6800,87.5300,88.1700,87.7600,41316240,GOOG
2020-11-06,87.7000,88.6200,87.0200,88.0900,87.6800,33224500,GOOG
2020-11-09,89.5500,90.9000,88.0000,88.1500,87.7400,45366000,GOOG
2020-11-10,86.5500,88.1500,85.8700,87.0200,86.6100,52722840,GOOG
2020-11-11,87.5000,88.2100,87.3700,87.6400,87.2300,25280000,GOOG
2020-11-12,87.3800,88.4100,87.2800,87.4900,87.0800,24975080,GOOG
2020-11-13,87.8800,89.0500,87.2300,88.8500,88.4400,30011480,GOOG
2020-11-16,88.5900,89.9500,88.3800,89.0700,88.6500,24936000,GOOG
2020-11-17,88.8500,89.2500,88.3500,88.5100,88.1000,22942280,GOOG
2020-11-18,88.2600,88.6700,87.3100,87.3400,86.9300,23470000,GOOG
2020-11-19,86.9200,88.4800,86.8500,88.2000,87.7900,24998200,GOOG
2020-11-20,88.2600,88.7000,87.0900,87.1100,86.7000,46273100,GOOG
2020-11-23,87.4800,87.7000,85.8900,86.7400,86.3400,43239500,GOOG
2020-11-24,86.5300,88.5800,86.3800,88.4400,88.0300,31594060,GOOG
2020-11-25,88.6400,88.9300,87.8300,88.5700,88.1600,20922440,GOOG
2020-11-27,88.6500,90.2000,88.6200,89.6600,89.2400,17698320,GOOG
2020-11-30,89.0600,89.4000,87.7500,88.0400,87.6300,36476720,GOOG
2020-12-01,88.7200,91.2400,88.4700,89.9100,89.4900,34780900,GOOG
2020-12-02,89.9100,91.7800,89.4700,91.4000,90.9700,24440640,GOOG
2020-12-03,91.2000,92.3600,91.1300,91.3400,90.9100,24546000,GOOG
2020-12-04,91.2300,91.6600,90.8500,91.4000,90.9700,27564000,GOOG
2020-12-07,90.9500,91.6200,90.2900,90.9700,90.5500,26418920,GOOG
2020-12-08,90.5100,91.1000,89.8100,90.9300,90.5100,21926380,GOOG
2020-12-09,90.6000,91.7100,88.3900,89.2100,88.7900,30152000,GOOG
2020-12-10,88.4900,89.0700,87.0200,88.7700,88.3600,27256960,GOOG
2020-12-11,88.1500,89.2200,88.0000,89.0900,88.6700,24414000,GOOG
2020-12-14,88.7500,89.8700,87.8600,88.0000,87.5900,32004000,GOOG
2020-12-15,88.2200,88.5700,87.5000,88.3900,87.9800,29646000,GOOG
2020-12-16,88.6400,88.6500,87.8000,88.1500,87.7400,30270860,GOOG
2020-12-17,88.4300,88.5900,86.9300,87.4000,86.9900,32494880,GOOG
2020-12-18,87.7100,87.7600,86.0100,86.5500,86.1500,80328000,GOOG
2020-12-21,85.6800,87.0400,84.9500,86.9700,86.5600,36568000,GOOG
2020-12-22,86.7200,86.8700,85.6300,86.1800,85.7800,18766920,GOOG
2020-12-23,86.4100,87.4000,86.2500,86.6200,86.2200,20678340,GOOG
2020-12-24,86.7500,87.3000,86.4600,86.9400,86.5300,6936000,GOOG
2020-12-28,87.5800,89.5400,87.3200,88.8000,88.3900,27860660,GOOG
2020-12-29,89.3900,89.6200,87.8000,87.9400,87.5300,25988000,GOOG
2020-12-30,88.1000,88.2500,86.2800,86.9800,86.5700,26122600,GOOG
2020-12-31,86.7700,87.9500,86.7700,87.5900,87.1800,20244800,GOOG
2021-01-04,87.8800,88.0300,85.3900,86.4100,86.0100,38038000,GOOG
2021-01-05,86.2500,87.3800,85.9000,87.0500,86.6400,22906940,GOOG
2021-01-06,85.1300,87.4000,84.9500,86.7600,86.3600,52042280,GOOG
2021-01-07,87.0000,89.4200,86.8500,89.3600,88.9400,45300440,GOOG
2021-01-08,89.4000,90.4900,88.6800,90.3600,89.9400,41020040,GOOG
2021-01-11,89.3000,89.7200,88.0300,88.3400,87.9300,24194700,GOOG
2021-01-12,87.7000,88.9000,86.2700,87.3300,86.9200,27153820,GOOG
2021-01-13,86.9300,88.2500,86.9000,87.7200,87.3100,21882620,GOOG
2021-01-14,87.6800,88.7500,86.6700,87.0100,86.6000,23590000,GOOG
2021-01-15,86.9100,87.8000,86.0800,86.8100,86.4100,26844000,GOOG
2021-01-19,87.6100,90.4600,87.0700,89.5400,89.1200,34692280,GOOG
2021-01-20,91.5700,95.1900,91.2800,94.3500,93.9100,49806000,GOOG
2021-01-21,94.9000,96.7400,94.3600,94.5600,94.1200,41278640,GOOG
2021-01-22,94.7800,95.5500,94.0900,95.0500,94.6100,25444640,GOOG
2021-01-25,96.0300,96.4800,93.3800,94.9700,94.5300,38546400,GOOG
2021-01-26,94.4400,96.2500,94.2100,95.8600,95.4100,26262780,GOOG
2021-01-27,94.1300,94.5000,90.4500,91.5400,91.1100,54966000,GOOG
2021-01-28,92.2000,94.9400,92.1300,93.1600,92.7300,35462760,GOOG
2021-01-29,92.3100,92.8600,90.5100,91.7900,91.3600,32252000,GOOG
2021-02-01,92.6800,96.1200,92.5500,95.0700,94.6300,32044000,GOOG
2021-02-02,96.1300,97.7900,95.7200,96.3800,95.9300,45474460,GOOG
2021-02-03,103.6500,105.8300,100.9200,103.5000,103.0200,82364000,GOOG
2021-02-04,103.4400,103.9300,102.1300,103.1200,102.6400,37046580,GOOG
2021-02-05,103.5000,105.1300,102.9700,104.9000,104.4100,30702700,GOOG
2021-02-08,105.3000,106.1800,103.6000,104.6500,104.1600,24848220,GOOG
2021-02-09,103.9300,105.2600,103.9300,104.1800,103.6900,17798000,GOOG
2021-02-10,104.7100,105.4200,103.1500,104.7700,104.2800,22710000,GOOG
2021-02-11,104.9800,105.1000,103.8700,104.7900,104.3000,18914000,GOOG
2021-02-12,104.5100,105.4400,104.1600,105.2100,104.7200,17117300,GOOG
2021-02-16,105.2200,107.6300,105.2200,106.1000,105.6100,22676760,GOOG
2021-02-17,105.0000,106.6800,104.9500,106.4200,105.9200,21418820,GOOG
2021-02-18,105.5200,106.6400,105.1900,105.8600,105.3700,22437100,GOOG
2021-02-19,105.9600,106.5300,104.8700,105.0600,104.5700,29152240,GOOG
2021-02-22,103.3500,104.5700,103.1100,103.2400,102.7600,27350660,GOOG
2021-02-23,101.2500,104.1000,100.1000,103.5400,103.0600,33348000,GOOG
2021-02-24,102.0900,105.0400,101.9100,104.7600,104.2700,24966980,GOOG
2021-02-25,103.3700,104.7400,101.0600,101.5700,101.1000,36568640,GOOG
2021-02-26,102.5300,103.5500,100.8000,101.8400,101.3700,41676020,GOOG
2021-03-01,102.8300,104.3300,102.3100,104.0800,103.5900,28102300,GOOG
2021-03-02,103.8100,105.2200,103.5600,103.7900,103.3100,22692000,GOOG
2021-03-03,103.3600,104.4300,100.5000,101.3400,100.8700,29684000,GOOG
2021-03-04,101.1700,104.4600,101.0100,102.4500,101.9700,42360120,GOOG
2021-03-05,103.6600,105.9100,102.3200,105.4300,104.9400,43904360,GOOG
2021-03-08,105.0600,106.4400,101.0800,101.2100,100.7400,32948580,GOOG
2021-03-09,103.5000,103.9000,102.3900,102.6400,102.1600,33946120,GOOG
2021-03-10,103.5900,103.7500,101.6700,102.7500,102.2700,25372000,GOOG
2021-03-11,103.7000,106.2900,103.6200,105.7400,105.2500,24782000,GOOG
2021-03-12,104.2500,104.5100,102.3800,103.1000,102.6200,34516000,GOOG
2021-03-15,103.1200,103.3500,102.1800,103.3200,102.8400,25966500,GOOG
2021-03-16,103.9500,106.1800,103.5000,104.6300,104.1400,29832000,GOOG
2021-03-17,103.8000,105.4900,102.7000,104.5500,104.0600,25980320,GOOG
2021-03-18,103.0500,103.7800,101.6800,101.8100,101.3400,27248600,GOOG
2021-03-19,102.1000,102.6600,100.8800,102.1600,101.6800,46298000,GOOG
2021-03-22,102.0900,102.9000,101.3000,101.9300,101.4600,39096320,GOOG
2021-03-23,102.5900,103.6200,101.9600,102.6500,102.1700,27340000,GOOG
2021-03-24,103.2700,103.9100,102.0800,102.2500,101.7700,23080580,GOOG
2021-03-25,102.2400,102.9400,100.5400,102.2200,101.7400,28378140,GOOG
2021-03-26,101.9400,102.5500,100.7000,101.7800,101.3100,29876000,GOOG
2021-03-29,101.3900,102.9200,100.7800,102.8000,102.3200,24596000,GOOG
2021-03-30,102.8800,103.5400,102.2000,102.7800,102.3000,20735480,GOOG
2021-03-31,102.9600,104.6700,102.8400,103.4300,102.9500,29198600,GOOG
2021-04-01,104.9000,107.1500,104.8400,106.8900,106.3900,33980000,GOOG
2021-04-05,107.6500,111.8700,107.5800,111.2800,110.7600,43298000,GOOG
2021-04-06,111.1300,111.8800,110.7400,111.2400,110.7200,27060720,GOOG
2021-04-07,111.3100,112.7500,111.2700,112.4800,111.9600,25798000,GOOG
2021-04-08,113.9000,114.2000,112.8800,113.2700,112.7400,27166000,GOOG
2021-04-09,112.8400,114.4500,112.6900,114.2900,113.7600,20888000,GOOG
2021-04-12,113.3100,113.7700,111.9200,112.7400,112.2100,31318000,GOOG
2021-04-13,113.0700,113.8600,112.8000,113.3600,112.8300,23316080,GOOG
2021-04-14,113.7600,113.9000,112.4600,112.7400,112.2100,20220000,GOOG
2021-04-15,113.8500,115.3300,113.3000,114.8300,114.2900,27472240,GOOG
2021-04-16,115.1500,115.3200,114.2200,114.8900,114.3500,22601800,GOOG
2021-04-19,114.6000,115.9200,114.3900,115.1200,114.5800,24688900,GOOG
2021-04-20,115.3900,115.4800,113.5900,114.6800,114.1500,21774980,GOOG
2021-04-21,114.2600,114.7700,112.9300,114.6600,114.1300,23934620,GOOG
2021-04-22,114.6600,115.1900,112.8200,113.4000,112.8700,21096160,GOOG
2021-04-23,114.1700,116.2900,113.9100,115.7700,115.2300,28703240,GOOG
2021-04-26,116.0000,117.0600,115.6900,116.3400,115.8000,20834000,GOOG
2021-04-27,116.8000,116.8700,115.2100,115.3600,114.8200,31972000,GOOG
2021-04-28,120.3600,122.6200,118.7400,119.0000,118.4500,59728779,GOOG
2021-04-29,120.5200,121.8300,120.1100,121.4900,120.9200,39554000,GOOG
2021-04-30,120.2200,121.3600,120.1100,120.5100,119.9500,39142600,GOOG
2021-05-03,120.1400,120.9900,119.2300,119.7600,119.2000,33788000,GOOG
2021-05-04,118.4900,118.9600,115.5900,117.7100,117.1600,35120300,GOOG
2021-05-05,118.4200,119.1100,117.5700,117.8400,117.2900,21806000,GOOG
2021-05-06,117.5300,119.1400,117.1200,119.0700,118.5200,20618000,GOOG
2021-05-07,120.0000,120.8200,119.5000,119.9300,119.3700,23277840,GOOG
2021-05-10,118.7400,118.9000,116.7400,117.0800,116.5300,26006000,GOOG
2021-05-11,114.5900,116.1000,114.1500,115.4400,114.9000,32110960,GOOG
2021-05-12,113.0900,114.2700,111.5000,111.9500,111.4300,34934000,GOOG
2021-05-13,113.0500,113.8300,112.1400,113.1000,112.5700,26670160,GOOG
2021-05-14,114.5900,116.0600,114.1700,115.8100,115.2700,26624960,GOOG
2021-05-17,115.4700,116.1700,114.7500,116.0700,115.5300,19848320,GOOG
2021-05-18,116.8500,117.1600,115.1600,115.1700,114.6300,17302380,GOOG
2021-05-19,113.2200,115.8400,113.1800,115.4400,114.9000,19350880,GOOG
2021-05-20,116.4000,118.0200,116.0500,117.8000,117.2500,23832000,GOOG
2021-05-21,118.3000,118.4500,117.1200,117.2600,116.7100,22832640,GOOG
2021-05-24,118.3500,120.9200,118.0100,120.3300,119.7700,21244000,GOOG
2021-05-25,121.0000,121.6400,120.1500,120.4500,119.8900,18838560,GOOG
2021-05-26,120.6400,122.1500,120.6300,121.6800,121.1100,21856380,GOOG
2021-05-27,121.8500,122.0000,120.1000,120.1300,119.5700,38962260,GOOG
2021-05-28,121.1000,121.4100,120.3800,120.5800,120.0200,24108000,GOOG
2021-06-01,121.1000,121.9000,120.2400,121.4900,120.9200,19166000,GOOG
2021-06-02,121.7700,122.1000,120.2100,121.0600,120.5000,17162100,GOOG
2021-06-03,119.7500,120.4900,119.1400,120.2300,119.6700,18346000,GOOG
2021-06-04,121.1300,122.6900,120.8900,122.5900,122.0200,25948680,GOOG
2021-06-07,122.5700,123.4000,122.0500,123.3000,122.7300,23850000,GOOG
2021-06-08,124.0000,124.7200,123.4100,124.1400,123.5600,25065060,GOOG
2021-06-09,124.9800,125.2500,124.3700,124.5700,123.9900,20126740,GOOG
2021-06-10,124.7000,126.1600,124.7000,126.0800,125.4900,31234660,GOOG
2021-06-11,126.2500,126.3500,124.9100,125.7000,125.1100,25246180,GOOG
2021-06-14,125.6700,126.4100,125.0500,126.3500,125.7600,22550440,GOOG
2021-06-15,126.5200,126.8600,125.6500,126.0300,125.4400,22182600,GOOG
2021-06-16,126.2500,126.5200,124.1500,125.7000,125.1100,26316760,GOOG
2021-06-17,125.5200,127.2000,125.5200,126.3700,125.7800,25756000,GOOG
2021-06-18,125.7100,126.3900,124.6000,125.5700,124.9800,53306200,GOOG
2021-06-21,125.7400,127.0400,125.1300,126.4600,125.8700,26256520,GOOG
2021-06-22,126.4500,127.2700,126.0300,127.0000,126.4100,20986200,GOOG
2021-06-23,126.5500,127.8000,126.2500,126.4600,125.8700,19694000,GOOG
2021-06-24,127.0500,127.5400,126.9600,127.2800,126.6900,18934000,GOOG
2021-06-25,126.9600,127.5100,126.4400,127.0000,126.4100,33485940,GOOG
2021-06-28,127.0000,127.3400,125.9700,126.8200,126.2300,28110860,GOOG
2021-06-29,126.7700,127.0000,125.4400,126.0200,125.4300,20950000,GOOG
2021-06-30,125.6500,125.8000,124.7600,125.3200,124.7400,24009560,GOOG
2021-07-01,124.8500,126.4600,124.8500,126.3700,125.7800,17124600,GOOG
2021-07-02,126.8400,128.8500,126.7700,128.7200,128.1200,21165120,GOOG
2021-07-06,129.4500,129.8800,128.4100,129.7700,129.1700,21350340,GOOG
2021-07-07,130.3400,130.6400,129.7600,130.0800,129.4700,16683720,GOOG
2021-07-08,128.2500,130.0300,128.0400,129.1800,128.5800,19780000,GOOG
2021-07-09,128.9400,129.8500,128.9400,129.5700,128.9700,15109320,GOOG
2021-07-12,129.8300,130.7700,129.6000,130.5600,129.9500,16950920,GOOG
2021-07-13,130.8800,132.0400,130.6400,130.9900,130.3800,16618000,GOOG
2021-07-14,131.9000,133.0000,131.9000,132.0800,131.4600,17918540,GOOG
2021-07-15,132.5000,132.6000,130.6000,131.2700,130.6600,16586320,GOOG
2021-07-16,131.6400,132.1800,130.8200,131.8500,131.2400,14861180,GOOG
2021-07-19,131.1600,131.2500,128.5400,129.2500,128.6500,25710000,GOOG
2021-07-20,130.0000,132.0000,129.1900,131.1000,130.4900,19084000,GOOG
2021-07-21,130.7900,132.6200,130.6000,132.6000,131.9800,14742000,GOOG
2021-07-22,132.6500,133.5000,132.4000,133.3300,132.7100,13608140,GOOG
2021-07-23,135.2600,138.8100,134.7000,137.8200,137.1800,26378000,GOOG
2021-07-26,138.2500,139.7100,137.6500,139.6400,138.9900,23052460,GOOG
2021-07-27,140.0100,140.0100,135.1000,136.8000,136.1600,42164000,GOOG
2021-07-28,138.5600,139.6800,136.3500,136.3800,135.7400,54688340,GOOG
2021-07-29,136.3800,137.1500,136.1400,136.5400,135.9000,19284000,GOOG
2021-07-30,135.5100,135.7700,134.8100,135.2200,134.5900,23954500,GOOG
2021-08-02,135.4800,136.0200,134.6700,135.9900,135.3600,20140040,GOOG
2021-08-03,136.0000,136.3400,134.1800,136.2800,135.6400,19064000,GOOG
2021-08-04,136.2500,136.5400,135.4200,136.0300,135.4000,16528000,GOOG
2021-08-05,136.0300,136.9500,135.6000,136.9400,136.3000,11871780,GOOG
2021-08-06,136.2900,137.0800,136.0500,137.0400,136.4000,13565020,GOOG
2021-08-09,136.9500,138.3200,136.4300,138.0000,137.3600,12379560,GOOG
2021-08-10,138.0800,138.5500,137.2300,138.1000,137.4600,16039080,GOOG
2021-08-11,138.2800,138.8500,137.3500,137.6900,137.0500,15209660,GOOG
2021-08-12,137.7100,138.4200,136.7800,138.3900,137.7500,14649400,GOOG
2021-08-13,138.3600,138.6700,138.0100,138.4100,137.7700,12580580,GOOG
2021-08-16,138.0000,138.9900,136.1700,138.9200,138.2700,18050840,GOOG
2021-08-17,138.1900,138.7200,136.7900,137.3000,136.6600,21274020,GOOG
2021-08-18,137.1200,138.2900,136.4200,136.5700,135.9300,14934460,GOOG
2021-08-19,135.4700,137.4500,135.3600,136.9100,136.2700,18296000,GOOG
2021-08-20,137.0800,138.6100,136.4700,138.4400,137.7900,15566740,GOOG
2021-08-23,139.0000,142.1800,138.7500,141.1000,140.4400,21090000,GOOG
2021-08-24,141.5400,143.0100,141.3500,142.4000,141.7400,15126260,GOOG
2021-08-25,142.8800,143.3100,142.4400,142.9500,142.2800,12843060,GOOG
2021-08-26,142.6200,143.1300,142.0900,142.1200,141.4600,14922000,GOOG
2021-08-27,142.1100,145.0100,142.0200,144.5500,143.8800,24568240,GOOG
2021-08-30,144.7000,146.4900,144.6000,145.4700,144.7900,16916000,GOOG
2021-08-31,145.8800,146.1100,145.0000,145.4600,144.7800,26756420,GOOG
2021-09-01,145.6500,146.8200,145.6100,145.8400,145.1600,15824680,GOOG
2021-09-02,145.9500,146.3200,144.1100,144.2200,143.5500,21855800,GOOG
2021-09-03,144.1500,145.3800,143.5100,144.7800,144.1100,19110480,GOOG
2021-09-07,144.7500,145.8200,144.5400,145.5200,144.8400,15172600,GOOG
2021-09-08,145.3900,145.5500,144.2000,144.8800,144.2000,15491660,GOOG
2021-09-09,144.8800,145.6700,144.4300,144.9100,144.2300,14798560,GOOG
2021-09-10,145.4400,146.0200,141.7400,141.9200,141.2600,32896620,GOOG
2021-09-13,143.2000,144.1900,142.2800,143.4700,142.8000,20176000,GOOG
2021-09-14,144.1600,144.7300,142.9100,143.4100,142.7400,18919140,GOOG
2021-09-15,143.7600,145.5800,142.2600,145.2100,144.5300,20653420,GOOG
2021-09-16,145.1200,145.2000,143.4200,144.3700,143.7000,20298840,GOOG
2021-09-17,143.8000,144.2500,141.0600,141.4600,140.8000,60040000,GOOG
2021-09-20,139.0000,139.3600,137.0500,139.0200,138.3700,34918000,GOOG
2021-09-21,140.1200,140.8100,138.9100,139.6500,139.0000,18130000,GOOG
2021-09-22,140.0500,141.5800,139.4700,140.9400,140.2800,22068000,GOOG
2021-09-23,141.6100,142.2500,141.1000,141.8300,141.1700,17276100,GOOG
2021-09-24,140.9500,142.9000,140.8500,142.6300,141.9700,14950000,GOOG
2021-09-27,141.5900,142.5000,140.5000,141.5000,140.8400,18844080,GOOG
2021-09-28,139.0900,139.6100,135.7000,136.1800,135.5500,42190000,GOOG
2021-09-29,137.1100,137.4000,134.2500,134.5200,133.8900,26338000,GOOG
2021-09-30,134.3200,135.5900,133.0000,133.2700,132.6500,35363980,GOOG
2021-10-01,133.5500,137.0700,133.3800,136.4600,135.8200,28388000,GOOG
2021-10-04,135.7000,135.7000,131.1700,133.7600,133.1400,31530000,GOOG
2021-10-05,134.0000,137.3600,134.0000,136.1800,135.5500,24126740,GOOG
2021-10-06,134.6300,137.8500,134.4900,137.3500,136.7100,19764320,GOOG
2021-10-07,138.8600,140.1500,138.5600,139.1900,138.5400,18250460,GOOG
2021-10-08,139.9100,140.3200,139.4300,140.0600,139.4100,18928420,GOOG
2021-10-11,139.8000,140.7600,138.8100,138.8500,138.2000,16584760,GOOG
2021-10-12,139.6400,139.7000,136.2500,136.7100,136.0700,22536000,GOOG
2021-10-13,137.7500,138.5500,136.9800,137.9000,137.2600,16393280,GOOG
2021-10-14,139.9500,141.6500,139.3400,141.4100,140.7500,21437560,GOOG
2021-10-15,142.2000,142.2000,141.0600,141.6800,141.0200,21253360,GOOG
2021-10-18,141.2100,143.0000,141.2100,142.9600,142.2900,16567200,GOOG
2021-10-19,143.2900,144.1100,143.1000,143.8200,143.1500,15316000,GOOG
2021-10-20,144.2200,144.2500,141.9100,142.4200,141.7600,17940000,GOOG
2021-10-21,142.1900,142.8500,141.6400,142.7800,142.1100,14850000,GOOG
2021-10-22,140.3500,141.5600,137.1700,138.6300,137.9800,30182640,GOOG
2021-10-25,138.8100,139.2100,136.7500,138.7700,138.1200,21082000,GOOG
2021-10-26,140.6100,140.8400,139.0100,139.6700,139.0200,28258740,GOOG
2021-10-27,139.9000,149.1200,139.9000,146.4300,145.7500,51850920,GOOG
2021-10-28,147.3000,147.4200,144.7600,146.1300,145.4500,32418060,GOOG
2021-10-29,145.5200,148.6100,145.1700,148.2700,147.5800,28954500,GOOG
2021-11-01,148.1700,148.4000,143.5800,143.7700,143.1000,32272100,GOOG
2021-11-02,144.8100,146.9200,144.6400,145.8600,145.1800,21150580,GOOG
2021-11-03,146.2800,146.9100,145.0500,146.7900,146.1100,17886600,GOOG
2021-11-04,147.2000,149.9500,146.6400,148.6800,147.9900,24700800,GOOG
2021-11-05,149.3500,150.5700,148.6500,149.2400,148.5400,20408140,GOOG
2021-11-08,150.0000,151.0300,149.1200,149.3500,148.6500,18388140,GOOG
2021-11-09,149.7500,150.3800,147.5100,149.2500,148.5500,16876000,GOOG
2021-11-10,148.0100,148.7000,145.3200,146.6300,145.9500,22708320,GOOG
2021-11-11,147.1100,148.5000,146.6900,146.7500,146.0700,12464000,GOOG
2021-11-12,147.8300,149.8600,146.4500,149.6500,148.9500,17048000,GOOG
2021-11-15,150.0000,150.4800,148.6500,149.3900,148.6900,16248000,GOOG
2021-11-16,149.1700,149.8300,148.3500,149.0800,148.3900,17254860,GOOG
2021-11-17,149.2300,149.6300,148.5600,149.0600,148.3700,15290820,GOOG
2021-11-18,149.1500,151.6100,149.0000,150.7100,150.0100,26682400,GOOG
2021-11-19,151.0000,151.8500,149.8900,149.9500,149.2500,19782960,GOOG
2021-11-22,150.1400,150.7400,147.0100,147.0800,146.3900,24627700,GOOG
2021-11-23,147.1100,147.6900,144.8900,146.7600,146.0800,18133140,GOOG
2021-11-24,146.3500,147.0000,145.2000,146.7200,146.0400,16464060,GOOG
2021-11-26,145.0200,145.3000,142.4900,142.8100,142.1400,16992120,GOOG
2021-11-29,144.3000,146.8600,144.3000,146.1100,145.4300,26276120,GOOG
2021-11-30,145.4500,146.6300,142.0700,142.4500,141.7900,41590520,GOOG
2021-12-01,144.2100,146.5000,141.5000,141.6200,140.9600,28545780,GOOG
2021-12-02,141.8200,144.6800,140.9800,143.7800,143.1100,21250700,GOOG
2021-12-03,144.5000,145.2100,141.1500,142.5200,141.8600,26688000,GOOG
2021-12-06,143.5700,144.3500,140.6500,143.8000,143.1300,22198000,GOOG
2021-12-07,145.9500,148.3000,145.7000,148.0400,147.3500,23258280,GOOG
2021-12-08,148.3300,149.1600,147.2000,148.7200,148.0300,18964000,GOOG
2021-12-09,148.1800,149.6000,147.5300,148.1100,147.4200,18580600,GOOG
2021-12-10,149.1000,149.4000,147.3600,148.6800,147.9900,21638460,GOOG
2021-12-13,148.4400,148.5600,146.3600,146.7000,146.0200,24104000,GOOG
2021-12-14,144.7700,145.4400,142.2400,144.9700,144.2900,24778800,GOOG
2021-12-15,144.3700,147.5200,142.7100,147.3700,146.6800,27280960,GOOG
2021-12-16,148.0800,148.5500,144.0900,144.8400,144.1700,27400000,GOOG
2021-12-17,142.7100,144.4600,141.7900,142.8000,142.1300,43404700,GOOG
2021-12-20,140.6800,142.6100,140.2500,142.4000,141.7400,20264000,GOOG
2021-12-21,143.1500,144.6900,141.7400,144.2200,143.5500,19551940,GOOG
2021-12-22,144.1000,147.3000,143.9600,146.9500,146.2700,18440480,GOOG
2021-12-23,147.0900,148.5700,146.9500,147.1400,146.4500,13818680,GOOG
2021-12-27,147.4600,148.4300,147.2500,148.0600,147.3700,13259320,GOOG
2021-12-28,148.3700,148.3700,145.9400,146.4500,145.7700,18635840,GOOG
2021-12-29,146.4300,147.1800,145.5000,146.5000,145.8200,17024720,GOOG
2021-12-30,146.4500,147.0600,145.7600,146.0000,145.3200,12978000,GOOG
2021-12-31,145.5400,146.3700,144.6800,144.6800,144.0100,17298000,GOOG
2022-01-03,144.4800,145.5500,143.5000,145.0700,144.3900,25224500,GOOG
2022-01-04,145.5500,146.6100,143.8200,144.4200,143.7500,22928000,GOOG
2022-01-05,144.1800,144.3000,137.5200,137.6500,137.0100,49642000,GOOG
2022-01-06,137.5000,139.6900,136.7600,137.5500,136.9100,29050000,GOOG
2022-01-07,137.9100,138.2500,135.7900,137.0000,136.3600,19408240,GOOG
2022-01-10,135.1000,138.6400,133.1400,138.5700,137.9200,34096000,GOOG
2022-01-11,138.1800,140.3300,136.8100,140.0200,139.3700,23502000,GOOG
2022-01-12,141.5500,142.8100,141.1100,141.6500,140.9900,23642000,GOOG
2022-01-13,141.8400,143.1900,138.9100,139.1300,138.4800,26566000,GOOG
2022-01-14,137.5000,141.2000,137.5000,139.7900,139.1400,23826000,GOOG
2022-01-18,136.6000,137.3900,135.6200,136.2900,135.6500,27401960,GOOG
2022-01-19,136.9400,138.4000,135.5000,135.6500,135.0200,20796000,GOOG
2022-01-20,136.5100,137.9100,133.1400,133.5100,132.8900,21930560,GOOG
2022-01-21,133.0100,134.7600,130.0000,130.0900,129.4800,41920000,GOOG
2022-01-24,126.0300,130.7800,124.6400,130.3700,129.7600,55292040,GOOG
2022-01-25,128.4400,129.3400,126.3800,126.7400,126.1500,36008600,GOOG
2022-01-26,130.5900,132.8100,127.1500,129.2400,128.6400,39630880,GOOG
2022-01-27,131.3600,132.6100,128.9500,129.1200,128.5200,30285020,GOOG
2022-01-28,130.0000,133.3700,128.6900,133.2900,132.6700,30518000,GOOG
2022-01-31,134.2000,135.8400,132.2700,135.7000,135.0700,34056000,GOOG
2022-02-01,137.8400,138.2000,134.5700,137.8800,137.2400,51204000,GOOG
2022-02-02,151.8600,152.1000,145.5600,148.0400,147.3500,89750760,GOOG
2022-02-03,145.2900,149.1200,142.2100,142.6500,141.9900,56930139,GOOG
2022-02-04,143.0200,144.5400,139.8200,143.0200,142.3500,49224400,GOOG
2022-02-07,143.7100,143.8500,138.7000,138.9400,138.2900,44610740,GOOG
2022-02-08,138.9900,139.8400,136.8700,139.2100,138.5600,34256000,GOOG
2022-02-09,140.8500,142.1800,140.3800,141.4500,140.7900,28628000,GOOG
2022-02-10,139.5000,141.4300,138.0500,138.6000,137.9500,33018000,GOOG
2022-02-11,138.7500,139.2800,133.2900,134.1300,133.5000,38808800,GOOG
2022-02-14,133.3700,136.1700,133.3000,135.3000,134.6700,26792800,GOOG
2022-02-15,137.4700,137.9000,135.5400,136.4300,135.7900,26578000,GOOG
2022-02-16,136.4300,137.9500,134.8200,137.4900,136.8500,25610000,GOOG
2022-02-17,136.1500,136.8400,132.2000,132.3100,131.6900,30968120,GOOG
2022-02-18,133.0400,133.8200,130.3100,130.4700,129.8600,31858600,GOOG
2022-02-22,129.9900,131.9000,127.7400,129.4000,128.8000,38906580,GOOG
2022-02-23,131.0800,131.7500,127.5000,127.5900,127.0000,26432000,GOOG
2022-02-24,125.0000,133.0400,124.7600,132.6700,132.0500,43166000,GOOG
2022-02-25,133.5300,135.3900,131.7600,134.5200,133.8900,26236000,GOOG
2022-02-28,133.2800,135.6400,132.8300,134.8900,134.2600,29676000,GOOG
2022-03-01,134.4800,136.1100,133.3800,134.1700,133.5400,24640000,GOOG
2022-03-02,134.6100,135.6200,133.4300,134.7500,134.1200,23966740,GOOG
2022-03-03,135.9800,136.7100,133.4300,134.3100,133.6800,19780000,GOOG
2022-03-04,133.3800,134.2000,130.4100,132.1200,131.5000,24472240,GOOG
2022-03-07,131.9000,131.9000,126.4100,126.4600,125.8700,39178000,GOOG
2022-03-08,126.2500,131.2500,125.8600,127.2800,126.6900,35250000,GOOG
2022-03-09,131.4000,134.2000,130.0900,133.8700,133.2500,32258000,GOOG
2022-03-10,131.4600,133.5400,131.4000,132.6800,132.0600,24266000,GOOG
2022-03-11,134.0000,134.2000,130.3000,130.4800,129.8700,26600000,GOOG
2022-03-14,130.5700,131.0300,126.4100,126.7400,126.1500,30254000,GOOG
2022-03-15,127.7400,130.5200,126.5700,129.6600,129.0600,30292600,GOOG
2022-03-16,131.0000,133.7700,129.2000,133.6900,133.0700,32058200,GOOG
2022-03-17,133.3200,134.7400,132.7200,134.6000,133.9700,23994380,GOOG
2022-03-18,133.8800,136.9100,132.9300,136.8000,136.1600,45900000,GOOG
2022-03-21,136.8500,137.5800,134.6100,136.4800,135.8400,26632460,GOOG
2022-03-22,136.5000,141.5000,136.5000,140.2800,139.6300,29776860,GOOG
2022-03-23,139.1400,140.0300,138.1700,138.5000,137.8500,25302320,GOOG
2022-03-24,139.2700,141.4000,138.0400,141.3100,140.6500,20544720,GOOG
2022-03-25,141.7500,141.9600,139.7000,141.5200,140.8600,19289080,GOOG
2022-03-28,140.6800,141.9800,139.8300,141.9500,141.2900,23774000,GOOG
2022-03-29,143.1600,144.1600,142.4800,143.2500,142.5800,28678420,GOOG
2022-03-30,142.8700,143.4800,142.1700,142.6400,141.9800,21046380,GOOG
2022-03-31,142.4500,142.6400,139.6200,139.6500,139.0000,29516320,GOOG
2022-04-01,140.0100,140.9500,138.8000,140.7000,140.0400,23480020,GOOG
2022-04-04,140.8200,144.0400,140.8200,143.6400,142.9700,19084900,GOOG
2022-04-05,143.4000,143.5900,140.9400,141.0600,140.4000,19256000,GOOG
2022-04-06,139.1600,139.8500,136.4200,137.1800,136.5400,23574600,GOOG
2022-04-07,136.6200,137.7000,134.8600,136.4700,135.8300,19448540,GOOG
2022-04-08,136.2500,136.2500,133.7500,134.0100,133.3900,16434480,GOOG
2022-04-11,132.9000,132.9400,129.6200,129.8000,129.2000,24188000,GOOG
2022-04-12,132.4200,132.4200,127.5800,128.3700,127.7700,23004000,GOOG
2022-04-13,128.6300,130.6600,128.4400,130.2900,129.6800,19542960,GOOG
2022-04-14,130.6500,130.7100,127.1100,127.2500,126.6600,23484000,GOOG
2022-04-18,127.4100,128.7100,126.5800,127.9600,127.3600,14918000,GOOG
2022-04-19,128.0800,130.9000,127.4500,130.5300,129.9200,22720000,GOOG
2022-04-20,131.2800,131.9200,127.8900,128.2500,127.6500,22610000,GOOG
2022-04-21,129.3500,130.3100,124.6500,124.9400,124.3600,30158000,GOOG
2022-04-22,125.0000,125.4500,119.1400,119.6100,119.0500,46410300,GOOG
2022-04-25,119.4300,123.2800,118.7700,123.2500,122.6800,34522000,GOOG
2022-04-26,122.7500,122.7500,119.1600,119.5100,118.9500,49394000,GOOG
2022-04-27,114.3700,117.5000,113.1200,115.0200,114.4800,62238119,GOOG
2022-04-28,117.1200,120.4400,115.1400,119.4100,118.8500,36790940,GOOG
2022-04-29,117.5800,118.9600,114.6900,114.9700,114.4300,33694000,GOOG
2022-05-02,113.9100,117.3400,113.4000,117.1600,116.6100,30280000,GOOG
2022-05-03,116.7700,119.3000,116.6300,118.1300,117.5800,21216000,GOOG
2022-05-04,118.0000,123.1400,115.7400,122.5800,122.0100,33232000,GOOG
2022-05-05,120.2200,121.2300,115.1800,116.7500,116.2100,43090000,GOOG
2022-05-06,115.5200,117.5000,114.1400,115.6600,115.1200,35310000,GOOG
2022-05-09,113.3000,115.5600,112.5500,113.0800,112.5500,34520960,GOOG
2022-05-10,116.0400,116.6900,113.3800,114.5800,114.0500,31158000,GOOG
2022-05-11,113.7100,116.6700,113.6500,113.9600,113.4300,36502000,GOOG
2022-05-12,111.9400,114.8600,110.1100,113.1600,112.6300,41464880,GOOG
2022-05-13,114.8500,118.0900,114.0000,116.5200,115.9800,29738000,GOOG
2022-05-16,115.3800,116.6100,114.3400,114.7900,114.2600,23282380,GOOG
2022-05-17,117.2300,117.2300,115.3400,116.7000,116.1600,21576080,GOOG
2022-05-18,115.2400,115.7000,112.1400,112.4000,111.8800,27982760,GOOG
2022-05-19,111.8400,113.5900,110.4700,110.7500,110.2300,29192000,GOOG
2022-05-20,112.0900,112.5500,106.3700,109.3100,108.8000,37586020,GOOG
2022-05-23,110.1000,112.0100,109.1500,111.6700,111.1500,31558220,GOOG
2022-05-24,106.3800,106.4000,102.2100,105.9300,105.4400,60386379,GOOG
2022-05-25,105.1400,106.5400,104.2100,105.8400,105.3500,37900000,GOOG
2022-05-26,106.0500,108.9600,105.4900,108.3000,107.8000,30288000,GOOG
2022-05-27,109.7900,112.8700,109.5500,112.8000,112.2700,29924420,GOOG
2022-05-31,113.0800,116.4300,112.5700,114.0400,113.5100,51302000,GOOG
2022-06-01,114.9300,117.4000,113.5500,114.1400,113.6100,28630000,GOOG
2022-06-02,114.1900,117.9000,113.3100,117.7500,117.2000,27495400,GOOG
2022-06-03,115.9900,116.3600,113.6700,114.5600,114.0300,25052000,GOOG
2022-06-06,116.7400,119.4000,116.5300,117.0100,116.4600,23786720,GOOG
2022-06-07,115.6500,117.7500,115.1300,117.2300,116.6800,26414000,GOOG
2022-06-08,116.8800,118.6500,116.7000,117.2400,116.6900,22544260,GOOG
2022-06-09,116.3400,118.3500,114.8700,114.9200,114.3800,23142000,GOOG
2022-06-10,112.7800,113.5000,110.8600,111.4300,110.9100,31349740,GOOG
2022-06-13,107.4500,109.2200,106.5900,106.8800,106.3800,36756200,GOOG
2022-06-14,106.8900,108.4600,106.3500,107.1900,106.6900,25480940,GOOG
2022-06-15,108.9000,112.0600,108.1200,110.3900,109.8800,33192020,GOOG
2022-06-16,108.1500,109.2900,105.7900,106.6400,106.1400,35314000,GOOG
2022-06-17,106.5400,109.2500,105.6300,107.8700,107.3700,43516660,GOOG
2022-06-21,109.7000,112.6700,109.2900,112.0200,111.5000,39010280,GOOG
2022-06-22,111.1600,113.7700,110.7200,112.0300,111.5100,23922000,GOOG
2022-06-23,112.9500,113.2000,111.0300,112.6800,112.1500,24710000,GOOG
2022-06-24,113.6000,118.6400,113.6000,118.5400,117.9900,39122760,GOOG
2022-06-27,118.9400,119.2500,116.0000,116.6200,116.0800,32840000,GOOG
2022-06-28,116.3500,117.8600,112.4400,112.5700,112.0500,28316220,GOOG
2022-06-29,112.1500,113.6600,111.5500,112.2600,111.7400,18628000,GOOG
2022-06-30,110.5000,111.3300,107.3100,109.3700,108.8600,38046040,GOOG
2022-07-01,108.3400,109.8100,107.1100,109.0800,108.5700,31028000,GOOG
2022-07-05,107.5100,114.0500,106.2500,113.8900,113.3600,36429380,GOOG
2022-07-06,114.0900,116.3500,112.2500,115.2100,114.6700,28852680,GOOG
2022-07-07,116.0100,119.8600,115.5300,119.3100,118.7500,32184000,GOOG
2022-07-08,117.5500,120.4400,117.5100,120.1700,119.6100,29082200,GOOG
2022-07-11,118.6500,118.7900,116.2300,116.5200,115.9800,26830460,GOOG
2022-07-12,116.8400,117.8500,114.6200,114.8500,114.3100,24970160,GOOG
2022-07-13,112.6400,115.1600,111.8200,112.1900,111.6700,38958860,GOOG
2022-07-14,110.8300,111.9900,109.3300,111.4400,110.9200,32366000,GOOG
2022-07-15,112.9600,114.0000,111.8200,112.7700,112.2400,34330760,GOOG
2022-07-18,113.4400,114.8000,109.3000,109.9100,109.4000,33354000,GOOG
2022-07-19,111.7300,114.8100,110.5000,114.6200,114.0900,30992331,GOOG
2022-07-20,114.0600,116.3300,113.2600,114.7000,114.1700,26780100,GOOG
2022-07-21,115.0900,115.2100,111.9100,115.0400,114.5000,27267848,GOOG
2022-07-22,111.8100,113.1800,107.6000,108.3600,107.8600,44455304,GOOG
2022-07-25,108.8800,110.5800,107.0100,108.2100,107.7100,28289942,GOOG
2022-07-26,107.4300,107.7400,104.7600,105.4400,104.9500,36626630,GOOG
2022-07-27,109.6000,114.4000,108.4200,113.6000,113.0700,41474618,GOOG
2022-07-28,112.8000,114.7000,111.8500,114.5900,114.0600,23303844,GOOG
2022-07-29,113.4000,116.9000,113.2300,116.6400,116.1000,31336200,GOOG
2022-08-01,115.5300,117.1200,114.6900,115.4800,114.9400,22856202,GOOG
2022-08-02,114.4300,117.0800,114.2600,115.9000,115.3600,17911039,GOOG
2022-08-03,116.3400,119.4200,116.1500,118.7800,118.2300,25302816,GOOG
2022-08-04,118.3000,119.5000,117.7100,118.8700,118.3200,15757700,GOOG
2022-08-05,116.9300,118.8600,116.7100,118.2200,117.6700,15615700,GOOG
2022-08-08,119.1200,120.8600,117.8300,118.1400,117.5900,17061112,GOOG
2022-08-09,117.9900,118.2000,116.5600,117.5000,116.9500,15424300,GOOG
2022-08-10,119.5900,121.7800,119.3600,120.6500,120.0900,20497021,GOOG
2022-08-11,122.0800,122.3400,119.5500,119.8200,119.2600,16671627,GOOG
2022-08-12,121.1600,122.6500,120.4000,122.6500,122.0800,16121100,GOOG
2022-08-15,122.2100,123.2600,121.5700,122.8800,122.3100,15525000,GOOG
2022-08-16,122.3200,123.2300,121.5400,122.5100,121.9400,15626200,GOOG
2022-08-17,120.9300,122.1500,120.2000,120.3200,119.7600,17589200,GOOG
2022-08-18,120.2300,121.6900,119.5500,120.8600,120.3000,15652029,GOOG
2022-08-19,119.8700,120.0000,117.6700,118.1200,117.5700,20187000,GOOG
2022-08-22,116.1000,116.5000,114.6700,115.0700,114.5300,19316024,GOOG
2022-08-23,114.3200,115.9300,114.3000,114.7700,114.2400,14390700,GOOG
2022-08-24,114.4500,115.7200,113.7800,114.7000,114.1700,16051200,GOOG
2022-08-25,115.1500,117.7800,115.0500,117.7000,117.1500,14874700,GOOG
2022-08-26,115.8100,116.6000,111.2200,111.3000,110.7800,31698700,GOOG
2022-08-29,110.7800,111.9600,109.8100,110.3400,109.8300,20386142,GOOG
2022-08-30,111.0300,111.3700,108.8000,109.9100,109.4000,20548202,GOOG
2022-08-31,111.6300,111.7700,109.0500,109.1500,108.6400,25898000,GOOG
2022-09-01,109.2000,111.2200,108.1900,110.5500,110.0300,22784400,GOOG
2022-09-02,111.3400,111.6800,108.1300,108.6800,108.1700,20618100,GOOG
2022-09-06,108.1400,108.8800,106.5100,107.4800,106.9800,20565100,GOOG
2022-09-07,107.7600,110.9900,107.6200,110.4800,109.9700,22987200,GOOG
2022-09-08,109.1800,110.5800,108.0600,109.4200,108.9100,21660700,GOOG
2022-09-09,110.0500,112.0000,110.0000,111.7800,111.2600,21745034,GOOG
2022-09-12,111.9900,112.6400,110.9300,111.8700,111.3500,19732905,GOOG
2022-09-13,108.8900,109.3700,105.0000,105.3100,104.8200,33015000,GOOG
2022-09-14,105.4400,106.1000,104.5000,105.8700,105.3800,22115805,GOOG
2022-09-15,105.0100,106.2100,103.3100,103.9000,103.4200,26494933,GOOG
2022-09-16,102.9700,104.0300,101.8600,103.6300,103.1500,64540115,GOOG
2022-09-19,102.5400,104.0200,102.3700,103.8500,103.3700,19738603,GOOG
2022-09-20,102.8800,103.1700,101.1200,101.8300,101.3600,24001700,GOOG
2022-09-21,102.2400,103.4900,99.9900,100.0100,99.5400,26596800,GOOG
2022-09-22,99.4500,101.6800,99.4100,100.5700,100.1000,21272700,GOOG
2022-09-23,100.0600,100.1100,98.0100,99.1700,98.7100,25657000,GOOG
2022-09-26,98.6100,100.4400,98.3800,98.8100,98.3500,22437938,GOOG
2022-09-27,99.9100,100.4600,97.3400,98.0900,97.6300,24225000,GOOG
2022-09-28,98.0200,101.4000,97.8000,100.7400,100.2700,24617000,GOOG
2022-09-29,99.3000,99.3000,96.5200,98.0900,97.6300,21921520,GOOG
2022-09-30,97.7300,99.4900,96.0300,96.1500,95.7000,26277832,GOOG
2022-10-03,97.2200,99.9700,97.0200,99.3000,98.8400,24840028,GOOG
2022-10-04,101.0400,102.7200,101.0400,102.4100,101.9300,22580931,GOOG
2022-10-05,100.6900,102.7400,99.7400,102.2200,101.7400,18475515,GOOG
2022-10-06,101.5000,103.7300,101.5000,102.2400,101.7600,17156240,GOOG
2022-10-07,100.6500,101.4200,99.2100,99.5700,99.1100,24249910,GOOG
2022-10-10,99.8500,99.9900,97.8700,98.7100,98.2500,16529900,GOOG
2022-10-11,98.2500,100.1200,97.2500,98.0500,97.5900,21617727,GOOG
2022-10-12,98.2700,99.6500,97.6700,98.3000,97.8400,17343431,GOOG
2022-10-13,95.9300,100.5300,95.2700,99.7100,99.2500,32812220,GOOG
2022-10-14,100.6300,101.2900,97.0300,97.1800,96.7300,22624832,GOOG
2022-10-17,99.5200,101.7700,99.5100,100.7800,100.3100,23311604,GOOG
2022-10-18,103.9400,104.2200,100.6500,101.3900,100.9200,21610541,GOOG
2022-10-19,100.7000,101.6600,99.6400,100.2900,99.8200,21573700,GOOG
2022-10-20,100.8200,103.0000,99.9700,100.5300,100.0600,25125100,GOOG
2022-10-21,98.4600,101.6200,98.2300,101.4800,101.0100,28988727,GOOG
2022-10-24,102.0900,103.1000,100.3000,102.9700,102.4900,24680831,GOOG
2022-10-25,103.3000,105.1000,103.0200,104.9300,104.4400,29910200,GOOG
2022-10-26,96.7600,98.5400,94.5700,94.8200,94.3800,71671814,GOOG
2022-10-27,94.3100,95.1700,91.9000,92.6000,92.1700,54036500,GOOG
2022-10-28,92.5300,96.8600,92.3200,96.5800,96.1300,35696925,GOOG
2022-10-31,95.7800,96.3500,94.3800,94.6600,94.2200,29868714,GOOG
2022-11-01,95.5900,96.1700,90.4300,90.5000,90.0800,43220600,GOOG
2022-11-02,90.9100,91.3000,87.0100,87.0700,86.6600,43553600,GOOG
2022-11-03,86.3500,86.5500,83.4500,83.4900,83.1000,48510400,GOOG
2022-11-04,85.5100,86.7300,83.8800,86.7000,86.3000,40173300,GOOG
2022-11-07,87.3400,88.9400,86.9600,88.6500,88.2400,26899900,GOOG
2022-11-08,89.1600,90.4100,87.6500,88.9100,88.5000,30172001,GOOG
2022-11-09,88.5500,89.4900,87.3600,87.4000,86.9900,26743900,GOOG
2022-11-10,92.3400,94.5500,91.6500,94.1700,93.7300,42371216,GOOG
2022-11-11,94.7100,97.3600,94.1600,96.7300,96.2800,30569112,GOOG
2022-11-14,95.5000,97.1800,95.1100,96.0300,95.5800,24170100,GOOG
2022-11-15,98.6700,100.4200,97.0200,98.7200,98.2600,31831000,GOOG
2022-11-16,98.0200,99.8500,97.9000,98.9900,98.5300,24660200,GOOG
2022-11-17,97.1800,99.4800,97.1000,98.5000,98.0400,21818732,GOOG
2022-11-18,99.0100,99.1600,96.7400,97.8000,97.3400,24969900,GOOG
2022-11-21,97.5600,98.7200,95.6700,95.8300,95.3800,18696900,GOOG
2022-11-22,96.1600,97.5500,94.4100,97.3300,96.8800,18868900,GOOG
2022-11-23,97.3400,99.0700,97.3400,98.8200,98.3600,17568900,GOOG
2022-11-25,98.4700,98.9400,97.5300,97.6000,97.1500,8567819,GOOG
2022-11-28,97.2000,97.8300,95.8900,96.2500,95.8000,19981974,GOOG
2022-11-29,96.0000,96.3900,94.3900,95.4400,95.0000,20220007,GOOG
2022-11-30,95.1200,101.4500,94.6700,101.4500,100.9800,39888100,GOOG
2022-12-01,101.4000,102.5900,100.6700,101.2800,100.8100,21771536,GOOG
2022-12-02,99.3700,101.1500,99.1700,100.8300,100.3600,18821527,GOOG
2022-12-05,99.8200,101.7500,99.3600,99.8700,99.4000,19955546,GOOG
2022-12-06,99.6700,100.2100,96.7600,97.3100,96.8600,20877623,GOOG
2022-12-07,96.7700,97.3100,95.0300,95.1500,94.7100,26647900,GOOG
2022-12-08,95.6900,95.8700,93.8000,93.9500,93.5100,25593232,GOOG
2022-12-09,93.9000,94.4900,93.0200,93.0700,92.6400,21885308,GOOG
2022-12-12,93.0900,93.8700,91.9000,93.5600,93.1200,27380948,GOOG
2022-12-13,98.0700,99.8000,95.3800,95.8500,95.4000,34788522,GOOG
2022-12-14,95.5400,97.2200,93.9400,95.3100,94.8700,26452939,GOOG
2022-12-15,93.5400,94.0300,90.4300,91.2000,90.7800,28298800,GOOG
2022-12-16,91.2000,91.7500,90.0100,90.8600,90.4400,48485507,GOOG
2022-12-19,90.8800,91.2000,88.9300,89.1500,88.7300,23020537,GOOG
2022-12-20,88.7300,89.7800,88.0400,89.6300,89.2100,21976846,GOOG
2022-12-21,89.7300,90.9200,88.9100,90.2500,89.8300,20336400,GOOG
2022-12-22,88.9300,89.1800,86.9400,88.2600,87.8500,23656100,GOOG
2022-12-23,87.6200,90.1000,87.6200,89.8100,89.3900,17815010,GOOG
2022-12-27,89.3100,89.5000,87.5400,87.9300,87.5200,15470900,GOOG
2022-12-28,87.5000,88.5200,86.3700,86.4600,86.0600,17879600,GOOG
2022-12-29,87.0300,89.3700,86.9900,88.9500,88.5400,18280700,GOOG
2022-12-30,87.3700,88.8300,87.0300,88.7300,88.3200,19190300,GOOG
2023-01-03,89.8300,91.5500,89.0200,89.7000,89.2800,20738500,GOOG
2023-01-04,91.0100,91.2400,87.8000,88.7100,88.3000,27046500,GOOG
2023-01-05,88.0700,88.2100,86.5600,86.7700,86.3700,23136100,GOOG
2023-01-06,87.3600,88.4700,85.5700,88.1600,87.7500,26612628,GOOG
2023-01-09,89.2000,90.8300,88.5800,88.8000,88.3900,22996700,GOOG
2023-01-10,86.7200,89.4800,86.7000,89.2400,88.8200,22855600,GOOG
2023-01-11,90.0600,92.4500,89.7400,92.2600,91.8300,25998844,GOOG
2023-01-12,92.4000,92.6200,90.5700,91.9100,91.4800,22754216,GOOG
2023-01-13,91.5300,92.9800,90.9300,92.8000,92.3700,18630709,GOOG
2023-01-17,92.7800,92.9700,90.8400,92.1600,91.7300,22935823,GOOG
2023-01-18,92.9400,93.5900,91.4000,91.7800,91.3500,19641622,GOOG
2023-01-19,91.3900,94.4000,91.3800,93.9100,93.4700,28707700,GOOG
2023-01-20,95.9500,99.4200,95.9100,99.2800,98.8200,53704800,GOOG
2023-01-23,99.1300,101.4000,98.7500,101.2100,100.7400,31791800,GOOG
2023-01-24,99.5500,101.0900,98.7000,99.2100,98.7500,27391400,GOOG
2023-01-25,97.2000,97.7200,95.2600,96.7300,96.2800,31000900,GOOG
2023-01-26,98.2800,99.2100,96.8200,99.1600,98.7000,24542100,GOOG
2023-01-27,99.0500,101.5800,98.9700,100.7100,100.2400,29020400,GOOG
2023-01-30,98.7500,99.4100,97.5200,97.9500,97.4900,24365142,GOOG
2023-01-31,97.8600,99.9100,97.7900,99.8700,99.4000,22306800,GOOG
2023-02-01,99.7400,102.1900,98.4200,101.4300,100.9600,26392600,GOOG
2023-02-02,106.7900,108.8200,106.5400,108.8000,108.2900,46622627,GOOG
2023-02-03,103.5100,108.0200,103.3000,105.2200,104.7300,36823421,GOOG
2023-02-06,102.6900,104.7000,102.2100,103.4700,102.9900,25573046,GOOG
2023-02-07,103.6300,108.6700,103.5500,108.0400,107.5400,33738828,GOOG
2023-02-08,102.6900,103.5800,98.4600,100.0000,99.5300,73546029,GOOG
2023-02-09,100.5400,100.6100,93.8600,95.4600,95.0200,97798600,GOOG
2023-02-10,95.7400,97.0200,94.5300,94.8600,94.4200,49325300,GOOG
2023-02-13,95.0100,95.3500,94.0500,95.0000,94.5600,43116600,GOOG
2023-02-14,94.6600,95.1800,92.6500,94.9500,94.5100,42513100,GOOG
2023-02-15,94.7400,97.3400,94.3600,97.1000,96.6500,37029885,GOOG
2023-02-16,95.5400,97.8800,94.9700,95.7800,95.3300,35642106,GOOG
2023-02-17,95.0700,95.7500,93.4500,94.5900,94.1500,31095100,GOOG
2023-02-21,93.2400,93.4100,92.0000,92.0500,91.6200,28367200,GOOG
2023-02-22,91.9300,92.3600,90.8700,91.8000,91.3700,29891135,GOOG
2023-02-23,92.1300,92.1300,90.0100,91.0700,90.6500,32423720,GOOG
2023-02-24,89.6300,90.1300,88.8600,89.3500,88.9300,31295619,GOOG
2023-02-27,90.0900,90.4500,89.6100,90.1000,89.6800,22724300,GOOG
2023-02-28,89.5400,91.4500,89.5200,90.3000,89.8800,30546912,GOOG
2023-03-01,90.1600,91.2000,89.8500,90.5100,90.0900,26323900,GOOG
2023-03-02,89.8600,92.4800,89.7700,92.3100,91.8800,23344562,GOOG
2023-03-03,92.7400,94.1100,92.6600,94.0200,93.5800,30242538,GOOG
2023-03-06,94.3600,96.3000,94.3000,95.5800,95.1300,28288206,GOOG
2023-03-07,95.4200,96.0900,93.8400,94.1700,93.7300,24101536,GOOG
2023-03-08,94.4100,96.2400,94.4100,94.6500,94.2100,25395200,GOOG
2023-03-09,94.4900,95.9200,92.3600,92.6600,92.2300,24438900,GOOG
2023-03-10,92.5000,93.1800,90.8000,91.0100,90.5900,32850100,GOOG
2023-03-13,90.5700,93.0800,89.9400,91.6600,91.2300,31508600,GOOG
2023-03-14,93.0700,94.8300,92.7800,94.2500,93.8100,32303900,GOOG
2023-03-15,93.5400,97.2500,93.0400,96.5500,96.1000,38367334,GOOG
2023-03-16,96.5700,101.9700,95.8700,101.0700,100.6000,54588200,GOOG
2023-03-17,100.8400,103.4900,100.7500,102.4600,101.9800,76140310,GOOG
2023-03-20,101.0600,102.5800,100.7900,101.9300,101.4600,26033916,GOOG
2023-03-21,101.9800,105.9600,101.8600,105.8400,105.3500,33122800,GOOG
2023-03-22,105.1400,107.5100,104.2100,104.2200,103.7300,32336900,GOOG
2023-03-23,105.8900,107.1000,105.4100,106.2600,105.7600,31385817,GOOG
2023-03-24,105.7400,106.1600,104.7400,106.0600,105.5700,25245010,GOOG
2023-03-27,105.3200,105.4000,102.6300,103.0600,102.5800,25393417,GOOG
2023-03-28,103.0000,103.0000,100.2800,101.3600,100.8900,24913500,GOOG
2023-03-29,102.7200,102.8200,101.0300,101.9000,101.4300,26148300,GOOG
2023-03-30,101.4400,101.6100,100.2900,101.3200,100.8500,25009829,GOOG
2023-03-31,101.7100,104.1900,101.4400,104.0000,103.5200,28108000,GOOG
2023-04-03,102.6700,104.9500,102.3800,104.9100,104.4200,20719900,GOOG
2023-04-04,104.8400,106.1000,104.6000,105.1200,104.6300,20377231,GOOG
2023-04-05,106.1200,106.5400,104.1000,104.9500,104.4600,21864200,GOOG
2023-04-06,105.7700,109.6300,104.8200,108.9000,108.3900,34684200,GOOG
2023-04-10,107.3900,107.9700,105.6000,106.9500,106.4500,19741517,GOOG
2023-04-11,106.9200,107.2200,105.2800,106.1200,105.6300,18721300,GOOG
2023-04-12,107.3900,107.5900,104.9700,105.2200,104.7300,22761600,GOOG
2023-04-13,106.4700,108.2700,106.4400,108.1900,107.6900,21650747,GOOG
2023-04-14,107.6900,109.5800,107.5900,109.4600,108.9500,20758700,GOOG
2023-04-17,105.4300,106.7100,105.3200,106.4200,105.9200,29043443,GOOG
2023-04-18,107.0000,107.0500,104.7800,105.1200,104.6300,17641400,GOOG
2023-04-19,104.2200,105.7300,103.8000,105.0200,104.5300,16732016,GOOG
2023-04-20,104.6500,106.8900,104.6400,105.9000,105.4100,22515331,GOOG
2023-04-21,106.0900,106.6400,105.4900,105.9100,105.4200,22379018,GOOG
2023-04-24,106.0500,107.3200,105.3600,106.7800,106.2800,21410908,GOOG
2023-04-25,106.6100,107.4400,104.5600,104.6100,104.1200,31408119,GOOG
2023-04-26,105.5600,107.0200,103.2700,104.4500,103.9600,37068200,GOOG
2023-04-27,105.2300,109.1500,104.4200,108.3700,107.8600,38235220,GOOG
2023-04-28,107.8000,108.2900,106.0400,108.2200,107.7200,23957900,GOOG
2023-05-01,107.7200,108.6800,107.5000,107.7100,107.2100,20926300,GOOG
2023-05-02,107.6600,107.7300,104.5000,105.9800,105.4900,20343116,GOOG
2023-05-03,106.2200,108.1300,105.6200,106.1200,105.6300,17116333,GOOG
2023-05-04,106.1600,106.3000,104.7000,105.2100,104.7200,19780637,GOOG
2023-05-05,105.3200,106.4400,104.7400,106.2200,105.7300,20710627,GOOG
2023-05-08,105.8000,108.4200,105.7900,108.2400,107.7400,17266021,GOOG
2023-05-09,108.7800,110.6000,107.7300,107.9400,107.4400,24782442,GOOG
2023-05-10,108.5500,113.5100,108.4800,112.2800,111.7600,47533500,GOOG
2023-05-11,115.8600,118.4400,114.9300,116.9000,116.3600,57115100,GOOG
2023-05-12,117.0000,118.2600,116.5500,117.9200,117.3700,31293778,GOOG
2023-05-15,116.4900,118.8000,116.4800,116.9600,116.4100,22107900,GOOG
2023-05-16,116.8300,121.2000,116.8300,120.0900,119.5300,32370113,GOOG
2023-05-17,120.1800,122.2800,119.4600,121.4800,120.9100,26659600,GOOG
2023-05-18,121.5600,123.9000,121.4900,123.5200,122.9400,27014500,GOOG
2023-05-19,124.2000,126.4800,122.7200,123.2500,122.6800,30268864,GOOG
2023-05-22,123.5100,127.0500,123.4500,125.8700,125.2800,29760236,GOOG
2023-05-23,124.9300,125.4200,123.0500,123.2900,122.7200,24477945,GOOG
2023-05-24,121.8800,122.7500,120.7500,121.6400,121.0700,23087925,GOOG
2023-05-25,125.2100,125.9800,122.9000,124.3500,123.7700,33812730,GOOG
2023-05-26,124.0700,126.0000,123.2900,125.4300,124.8500,25169036,GOOG
2023-05-30,126.2900,126.3800,122.8900,124.6400,124.0600,27230726,GOOG
2023-05-31,123.7000,124.9000,123.1000,123.3700,122.8000,41548800,GOOG
2023-06-01,123.5000,125.0400,123.3000,124.3700,123.7900,25017700,GOOG
2023-06-02,124.4900,126.7500,124.3500,125.2300,124.6500,19367453,GOOG
2023-06-05,124.6100,127.9900,124.3800,126.6300,126.0400,22672516,GOOG
2023-06-06,126.6000,128.8800,125.9700,127.9100,127.3100,19450128,GOOG
2023-06-07,127.5800,129.5500,122.6300,122.9400,122.3700,34179348,GOOG
2023-06-08,122.5900,123.7300,122.0100,122.6700,122.1000,24815000,GOOG
2023-06-09,122.5600,124.2900,122.4200,122.8700,122.3000,20313676,GOOG
2023-06-12,123.4000,124.7500,122.3500,124.3500,123.7700,22289632,GOOG
2023-06-13,125.6500,125.8600,123.8500,124.4300,123.8500,19287700,GOOG
2023-06-14,123.8000,124.7900,122.1600,124.3800,123.8000,24659620,GOOG
2023-06-15,123.8800,126.1600,123.1400,125.7900,125.2000,24517100,GOOG
2023-06-16,126.7000,126.7000,123.7900,124.0600,123.4800,56699200,GOOG
2023-06-20,123.5400,125.1800,122.8300,123.8500,123.2700,22698028,GOOG
2023-06-21,123.2400,123.4100,120.8600,121.2600,120.6900,22612002,GOOG
2023-06-22,120.6600,123.9400,119.6000,123.8700,123.2900,20781900,GOOG
2023-06-23,122.0400,123.4400,121.8600,123.0200,122.4500,29573123,GOOG
2023-06-26,121.4700,122.7200,118.9900,119.0900,118.5400,23185000,GOOG
2023-06-27,117.8400,119.9000,116.9100,119.0100,118.4600,27221714,GOOG
2023-06-28,117.9600,121.2700,117.6000,121.0800,120.5200,19753145,GOOG
2023-06-29,120.0900,120.9100,119.2100,120.0100,119.4500,18517500,GOOG
2023-06-30,121.1000,122.0300,120.8800,120.9700,120.4100,23871764,GOOG
2023-07-03,120.3200,121.0200,119.7100,120.5600,120.0000,13888300,GOOG
2023-07-05,120.0600,123.3700,120.0600,122.6300,122.0600,17830347,GOOG
2023-07-06,120.6400,121.1500,119.2500,120.9300,120.3700,17750181,GOOG
2023-07-07,120.8900,121.7500,120.0900,120.1400,119.5800,20997665,GOOG
2023-07-10,119.0700,119.0700,116.6400,116.8700,116.3300,32960100,GOOG
2023-07-11,116.7600,118.2300,115.8300,117.7100,117.1600,18286600,GOOG
2023-07-12,119.3000,120.9600,119.0000,119.6200,119.0600,22059611,GOOG
2023-07-13,121.5400,125.3400,121.0600,124.8300,124.2500,31535900,GOOG
2023-07-14,125.1300,127.0900,124.9000,125.7000,125.1100,20499780,GOOG
2023-07-17,126.0600,127.2800,124.5000,125.0600,124.4800,20675300,GOOG
2023-07-18,124.9100,124.9900,123.3000,124.0800,123.5000,21071248,GOOG
2023-07-19,124.7900,125.4700,122.4700,122.7800,122.2100,22313803,GOOG
2023-07-20,122.1200,124.7000,118.6900,119.5300,118.9700,27541711,GOOG
2023-07-21,120.8700,121.3000,119.0700,120.3100,119.7500,56514645,GOOG
2023-07-24,121.9300,123.3500,121.3800,121.8800,121.3100,22312220,GOOG
2023-07-25,121.8800,123.6900,121.5300,122.7900,122.2200,31820846,GOOG
2023-07-26,130.3600,131.3700,128.7100,129.6600,129.0600,46216900,GOOG
2023-07-27,131.8000,133.6000,129.1800,129.8700,129.2600,35931612,GOOG
2023-07-28,130.9700,134.0700,130.9200,133.0100,132.3900,26971011,GOOG
2023-07-31,133.0100,133.8300,132.1300,133.1100,132.4900,18381900,GOOG
2023-08-01,130.8500,132.9200,130.7500,131.8900,131.2800,22219012,GOOG
2023-08-02,129.8400,130.4200,127.8500,128.6400,128.0400,22705800,GOOG
2023-08-03,128.3700,129.7700,127.7800,128.7700,128.1700,15086132,GOOG
2023-08-04,129.6000,131.9300,128.3200,128.5400,127.9400,20521852,GOOG
2023-08-07,129.5100,132.0600,129.4300,131.9400,131.3300,17621041,GOOG
2023-08-08,130.9800,131.9400,130.1300,131.8400,131.2300,16836000,GOOG
2023-08-09,132.1900,132.4700,129.5100,130.1500,129.5400,17745218,GOOG
2023-08-10,131.9700,132.6500,130.0400,130.2100,129.6000,17855700,GOOG
2023-08-11,129.2000,130.4400,128.7500,130.1700,129.5600,15205465,GOOG
2023-08-14,129.8500,131.9100,129.5900,131.8300,131.2200,17526200,GOOG
2023-08-15,131.5900,131.9900,129.8200,130.2700,129.6600,14769200,GOOG
2023-08-16,129.2800,130.9000,128.4600,129.1100,128.5100,17548400,GOOG
2023-08-17,130.4500,132.4900,129.8500,130.4600,129.8500,23665600,GOOG
2023-08-18,129.0600,129.8300,127.0000,128.1100,127.5100,23627202,GOOG
2023-08-21,127.8500,129.2600,127.1600,128.9300,128.3300,21851100,GOOG
2023-08-22,129.1300,130.9500,128.9300,129.6900,129.0900,15569400,GOOG
2023-08-23,130.8500,134.0700,130.5100,133.2100,132.5900,26497027,GOOG
2023-08-24,134.7300,134.9700,130.3000,130.4200,129.8100,18680400,GOOG
2023-08-25,130.1400,131.4000,128.0400,130.6900,130.0800,20678100,GOOG
2023-08-28,132.0800,133.2400,130.8500,131.7900,131.1800,16715500,GOOG
2023-08-29,133.0000,137.2900,132.9800,135.4900,134.8600,30803300,GOOG
2023-08-30,135.5700,137.2500,135.0200,136.9300,136.2900,21773400,GOOG
2023-08-31,137.0500,138.4000,136.8200,137.3500,136.7100,28147900,GOOG
2023-09-01,138.4300,138.5800,135.9400,136.8000,136.1600,16671647,GOOG
2023-09-05,136.4400,137.3700,135.5600,136.7100,136.0700,17730218,GOOG
2023-09-06,137.0100,137.4800,134.6900,135.3700,134.7400,15814327,GOOG
2023-09-07,134.6000,136.5800,133.9600,136.2000,135.5700,16976000,GOOG
2023-09-08,135.8700,137.5100,135.8700,137.2000,136.5600,17820005,GOOG
2023-09-11,137.3800,138.2600,136.5500,137.7400,137.1000,17180800,GOOG
2023-09-12,137.1300,137.6400,135.9300,136.0700,135.4400,15212934,GOOG
2023-09-13,135.9000,137.7000,134.9300,137.5000,136.8600,16394915,GOOG
2023-09-14,138.3900,139.5500,137.0600,138.9900,138.3400,19064607,GOOG
2023-09-15,138.8000,139.3600,137.1800,138.3000,137.6600,48958837,GOOG
2023-09-18,137.6300,139.9300,137.6300,138.9600,138.3100,16233600,GOOG
2023-09-19,138.2500,139.1800,137.5000,138.8300,138.1800,15484644,GOOG
2023-09-20,138.8300,138.8400,134.5200,134.5900,133.9600,21473533,GOOG
2023-09-21,132.3900,133.1900,131.0900,131.3600,130.7500,22058375,GOOG
2023-09-22,131.6800,133.0100,130.5100,131.2500,130.6400,17355284,GOOG
2023-09-25,130.7700,132.2200,130.0300,132.1700,131.5500,14650032,GOOG
2023-09-26,130.9100,131.4100,128.1900,129.4500,128.8500,20378800,GOOG
2023-09-27,129.4400,131.7200,129.3800,131.4600,130.8500,18764201,GOOG
2023-09-28,130.6900,134.1800,130.6900,133.1300,132.5100,18201400,GOOG
2023-09-29,134.0800,134.8900,131.3200,131.8500,131.2400,23237336,GOOG
2023-10-02,132.1600,135.3600,132.0700,135.1700,134.5400,19210400,GOOG
2023-10-03,134.9300,135.2400,132.8200,133.3000,132.6800,19628736,GOOG
2023-10-04,133.6600,136.5700,133.4300,136.2700,135.6300,22848000,GOOG
2023-10-05,136.1300,136.5000,134.4600,135.9900,135.3600,15922944,GOOG
2023-10-06,134.9400,139.1900,134.9400,138.7300,138.0800,20826683,GOOG
2023-10-09,137.9900,139.9700,136.7000,139.5000,138.8500,16599100,GOOG
2023-10-10,139.5100,140.7400,138.4300,139.2000,138.5500,19554916,GOOG
2023-10-11,139.8500,142.2200,139.8400,141.7000,141.0400,20146341,GOOG
2023-10-12,142.1600,142.3800,139.4500,140.2900,139.6400,18173107,GOOG
2023-10-13,140.6500,141.3400,137.9700,138.5800,137.9300,19447565,GOOG
2023-10-16,139.7300,140.9100,139.3200,140.4900,139.8400,17345600,GOOG
2023-10-17,140.0300,141.2500,138.5300,140.9900,140.3300,17424024,GOOG
2023-10-18,140.7500,141.9900,138.7100,139.2800,138.6300,18304900,GOOG
2023-10-19,139.8000,141.0100,138.6000,138.9800,138.3300,21831200,GOOG
2023-10-20,138.5900,139.0400,136.2500,136.7400,136.1000,24970263,GOOG
2023-10-23,136.2300,139.0200,135.1100,137.9000,137.2600,20780700,GOOG
2023-10-24,139.1600,140.7100,138.7500,140.1200,139.4700,26535200,GOOG
2023-10-25,129.7700,130.1000,126.0900,126.6700,126.0800,58796100,GOOG
2023-10-26,124.4700,125.4600,122.3200,123.4400,122.8600,33907400,GOOG
2023-10-27,124.0300,124.4400,121.4600,123.4000,122.8200,37367700,GOOG
2023-10-30,124.4600,126.5500,123.8800,125.7500,125.1600,24165631,GOOG
2023-10-31,126.2700,126.5600,123.9300,125.3000,124.7200,21123418,GOOG
2023-11-01,125.3400,127.7400,124.9300,127.5700,126.9800,26536604,GOOG
2023-11-02,129.5600,130.0900,128.1100,128.5800,127.9800,24091700,GOOG
2023-11-03,129.0900,130.7300,129.0100,130.3700,129.7600,19529448,GOOG
2023-11-06,130.2200,131.5600,129.9300,131.4500,130.8400,15360400,GOOG
2023-11-07,131.9800,133.2800,131.1400,132.4000,131.7800,19223800,GOOG
2023-11-08,132.3600,133.5400,132.1600,133.2600,132.6400,15093600,GOOG
2023-11-09,133.3600,133.9600,131.5100,131.6900,131.0800,17976533,GOOG
2023-11-10,131.5300,134.2700,130.8700,134.0600,133.4400,20879838,GOOG
2023-11-13,133.3600,134.1100,132.7700,133.6400,133.0200,16409900,GOOG
2023-11-14,135.6500,137.2400,135.1000,135.4300,134.8000,22317345,GOOG
2023-11-15,136.6400,136.8400,135.3300,136.3800,135.7400,15840900,GOOG
2023-11-16,136.9600,138.8800,136.0800,138.7000,138.0500,17615100,GOOG
2023-11-17,137.8200,138.0000,135.4800,136.9400,136.3000,25590191,GOOG
2023-11-20,135.5000,138.4300,135.4900,137.9200,137.2800,19589006,GOOG
2023-11-21,137.9400,138.9700,137.7100,138.6200,137.9700,17648100,GOOG
2023-11-22,139.1000,141.1000,139.0000,140.0200,139.3700,17310209,GOOG
2023-11-24,139.5400,139.6800,137.4700,138.2200,137.5800,8828640,GOOG
2023-11-27,137.5700,139.6300,137.5400,138.0500,137.4100,17886400,GOOG
2023-11-28,137.6300,138.6600,137.0400,138.6200,137.9700,17046900,GOOG
2023-11-29,138.9900,139.6700,136.2900,136.4000,135.7600,21014715,GOOG
2023-11-30,136.4000,136.9600,132.7900,133.9200,133.3000,29913531,GOOG
2023-12-01,133.3200,133.5000,132.1500,133.3200,132.7000,24267987,GOOG
2023-12-04,131.2900,131.4500,129.4000,130.6300,130.0200,24117100,GOOG
2023-12-05,130.3700,133.5400,129.7300,132.3900,131.7700,19235145,GOOG
2023-12-06,132.9000,133.3100,131.3100,131.4300,130.8200,16360648,GOOG
2023-12-07,136.6000,140.0000,136.2300,138.4500,137.8000,38419426,GOOG
2023-12-08,135.6600,137.9900,135.5700,136.6400,136.0000,23016139,GOOG
2023-12-11,133.8200,134.7900,132.8900,134.7000,134.0700,24502900,GOOG
2023-12-12,133.2700,134.5400,132.8300,133.6400,133.0200,26584000,GOOG
2023-12-13,134.5400,134.7800,132.9500,133.9700,133.3500,25414500,GOOG
2023-12-14,134.7700,135.0400,131.0600,133.2000,132.5800,29619100,GOOG
2023-12-15,132.9200,134.8300,132.6300,133.8400,133.2200,58594004,GOOG
2023-12-18,133.8600,138.3800,133.7700,137.1900,136.5500,25699800,GOOG
2023-12-19,138.0000,138.7700,137.4500,138.1000,137.4600,20661000,GOOG
2023-12-20,140.3300,143.0800,139.4100,139.6600,139.0100,33507342,GOOG
2023-12-21,140.7700,142.0300,140.4700,141.8000,141.1400,18101500,GOOG
2023-12-22,142.1300,143.2500,142.0600,142.7200,142.0500,18513524,GOOG
2023-12-26,142.9800,143.9500,142.5000,142.8200,142.1500,11170100,GOOG
2023-12-27,142.8300,143.3200,141.0500,141.4400,140.7800,17288400,GOOG
2023-12-28,141.8500,142.2700,140.8300,141.2800,140.6200,12192549,GOOG
2023-12-29,140.6800,141.4400,139.9000,140.9300,140.2700,14880961,GOOG
2024-01-02,139.6000,140.6100,137.7400,139.5600,138.9100,20071900,GOOG
2024-01-03,138.6000,141.0900,138.4300,140.3600,139.7100,18974308,GOOG
2024-01-04,139.8500,140.6400,138.0100,138.0400,137.4000,18253331,GOOG
2024-01-05,138.3500,138.8100,136.8500,137.3900,136.7500,15439475,GOOG
2024-01-08,138.0000,140.6400,137.8800,140.5300,139.8800,17645300,GOOG
2024-01-09,140.0600,142.8000,139.7900,142.5600,141.9000,19579700,GOOG
2024-01-10,142.5200,144.5300,142.4600,143.8000,143.1300,16641900,GOOG
2024-01-11,144.9000,146.6600,142.2200,143.6700,143.0000,17471130,GOOG
2024-01-12,144.3400,144.7400,143.3600,144.2400,143.5700,13998729,GOOG
2024-01-16,143.4300,145.8400,143.0600,144.0800,143.4100,19198939,GOOG
2024-01-17,142.9100,143.4100,140.5100,142.8900,142.2200,17884548,GOOG
2024-01-18,143.4400,145.5900,143.3500,144.9900,144.3100,18876800,GOOG
2024-01-19,146.3100,148.0400,145.8000,147.9700,147.2800,27181032,GOOG
2024-01-22,148.7100,150.0100,147.5800,147.7100,147.0200,21829232,GOOG
2024-01-23,147.7200,148.8600,147.1900,148.6800,147.9900,14113649,GOOG
2024-01-24,150.2900,151.5700,149.8400,150.3500,149.6500,19245031,GOOG
2024-01-25,151.7400,154.7600,151.2200,153.6400,152.9200,21495120,GOOG
2024-01-26,152.8700,154.1100,152.8000,153.7900,153.0700,19494500,GOOG
2024-01-29,153.6400,155.2000,152.9200,154.8400,154.1200,20909300,GOOG
2024-01-30,154.0100,155.0400,152.7800,153.0500,152.3400,26578934,GOOG
2024-01-31,145.3900,145.5900,141.5500,141.8000,141.1400,43908600,GOOG
2024-02-01,143.6900,144.6200,142.2600,142.7100,142.0400,25526900,GOOG
2024-02-02,140.8900,143.8800,138.1700,143.5400,142.8700,42136127,GOOG
2024-02-05,144.0400,146.6700,143.9100,144.9300,144.2500,29254444,GOOG
2024-02-06,145.9600,146.7400,144.5200,145.4100,144.7300,21517700,GOOG
2024-02-07,146.1200,147.0000,145.2100,146.6800,146.0000,21436126,GOOG
2024-02-08,146.9700,147.6100,146.4200,147.2200,146.5300,18241319,GOOG
2024-02-09,147.9500,150.7000,147.4300,150.2200,149.5200,21877700,GOOG
2024-02-12,149.5400,150.5900,148.5600,148.7300,148.0400,17236108,GOOG
2024-02-13,146.0700,148.0400,145.1100,146.3700,145.6900,18138500,GOOG
2024-02-14,147.3700,147.8300,145.5600,147.1400,146.4500,16651824,GOOG
2024-02-15,144.4600,144.7600,141.8800,143.9400,143.2700,26724305,GOOG
2024-02-16,144.2100,144.4800,141.5200,141.7600,141.1000,21865118,GOOG
2024-02-20,140.9400,143.3300,140.8000,142.2000,141.5400,18625600,GOOG
2024-02-21,142.6400,143.9800,141.9100,143.8400,143.1700,16499600,GOOG
2024-02-22,146.1200,146.2000,144.0100,145.3200,144.6400,23024707,GOOG
2024-02-23,144.9700,145.9600,144.7900,145.2900,144.6100,14519434,GOOG
2024-02-26,143.4500,143.8400,138.7400,138.7500,138.1000,33513011,GOOG
2024-02-27,139.4100,140.4900,138.5000,140.1000,139.4500,22364000,GOOG
2024-02-28,139.1000,139.2800,136.6400,137.4300,136.7900,30628702,GOOG
2024-02-29,138.3500,139.9500,137.5700,139.7800,139.1300,35485006,GOOG
2024-03-01,139.6100,140.0000,137.9800,138.0800,137.4400,28551525,GOOG
2024-03-04,136.5400,136.6300,132.8600,134.2000,133.5700,43571510,GOOG
2024-03-05,132.7400,134.0200,131.5500,133.7800,133.1600,28447600,GOOG
2024-03-06,134.2400,134.7400,131.9500,132.5600,131.9400,23175200,GOOG
2024-03-07,133.8900,135.8200,132.6600,135.2400,134.6100,24107300,GOOG
2024-03-08,135.0400,138.9900,134.8000,136.2900,135.6500,26495160,GOOG
2024-03-11,137.0700,139.9800,137.0700,138.9400,138.2900,22536400,GOOG
2024-03-12,138.2500,140.2800,138.2100,139.6200,138.9700,19019700,GOOG
2024-03-13,140.0600,142.1900,140.0100,140.7700,140.1100,19637000,GOOG
2024-03-14,142.3000,144.7300,141.4900,144.3400,143.6700,36117913,GOOG
2024-03-15,143.4100,144.3400,141.1300,142.1700,141.5100,41039494,GOOG
2024-03-18,149.3700,152.9300,148.1400,148.4800,147.7900,47676700,GOOG
2024-03-19,148.9800,149.6200,147.0100,147.9200,147.2300,17748400,GOOG
2024-03-20,148.7900,149.7600,147.6700,149.6800,148.9800,17730000,GOOG
2024-03-21,150.3200,151.3100,148.0100,148.7400,148.0500,19843915,GOOG
2024-03-22,150.2400,152.5600,150.0900,151.7700,151.0600,19252925,GOOG
2024-03-25,150.9500,151.4600,148.8000,151.1500,150.4500,15114728,GOOG
2024-03-26,151.2400,153.2000,151.0300,151.7000,150.9900,19312700,GOOG
2024-03-27,152.1500,152.6900,150.1300,151.9400,151.2300,16622000,GOOG
2024-03-28,152.0000,152.6700,151.3300,152.2600,151.5500,21105628,GOOG
2024-04-01,151.8300,157.0000,151.6500,156.5000,155.7700,24469815,GOOG
2024-04-02,154.7500,155.9900,153.4600,155.8700,155.1400,17598100,GOOG
2024-04-03,154.9200,156.5500,154.1300,156.3700,155.6400,17266200,GOOG
2024-04-04,155.0800,156.1800,151.8800,151.9400,151.2300,24184842,GOOG
2024-04-05,151.6800,154.8400,151.0800,153.9400,153.2200,16297319,GOOG
2024-04-08,154.0100,156.6600,153.9900,156.1400,155.4100,16641530,GOOG
2024-04-09,157.3500,159.8900,156.6400,158.1400,157.4000,21538140,GOOG
2024-04-10,157.8800,158.1600,156.2000,157.6600,156.9300,16339200,GOOG
2024-04-11,158.3400,161.1200,157.9300,160.7900,160.0400,17841703,GOOG
2024-04-12,159.4100,161.7000,158.6000,159.1900,158.4500,16989765,GOOG
2024-04-15,160.2800,160.8300,156.1500,156.3300,155.6000,21140948,GOOG
2024-04-16,155.6400,157.2300,155.0500,156.0000,155.2700,15413201,GOOG
2024-04-17,157.1900,158.6800,156.1400,156.8800,156.1500,16237800,GOOG
2024-04-18,156.9300,158.4900,156.2100,157.4600,156.7300,14016100,GOOG
2024-04-19,157.7500,157.9900,153.9100,155.7200,154.9900,21479881,GOOG
2024-04-22,156.0100,159.1900,155.6600,157.9500,157.2100,17243900,GOOG
2024-04-23,158.5900,160.4800,157.9700,159.9200,159.1700,16115408,GOOG
2024-04-24,159.0900,161.3900,158.8200,161.1000,160.3500,19485700,GOOG
2024-04-25,153.3600,158.2800,152.7700,157.9500,157.2100,36197800,GOOG
2024-04-26,175.9900,176.4200,171.4000,173.6900,172.8800,56500800,GOOG
2024-04-29,170.7700,171.3800,167.0600,167.9000,167.1200,35914600,GOOG
2024-04-30,167.3800,169.8700,164.5000,164.6400,163.8700,29420800,GOOG
2024-05-01,166.1800,168.8100,164.9000,165.5700,164.8000,25223245,GOOG
2024-05-02,166.6700,168.5300,165.6900,168.4600,167.6700,17041119,GOOG
2024-05-03,169.5400,169.8500,164.9800,168.9900,168.2000,22767100,GOOG
2024-05-06,169.2200,169.9000,167.8900,169.8300,169.0400,15147906,GOOG
2024-05-07,170.1200,173.4700,170.0000,172.9800,172.1700,21102434,GOOG
2024-05-08,170.7500,171.9100,170.5200,171.1600,170.3600,14569900,GOOG
2024-05-09,171.1500,172.4400,169.9300,171.5800,170.7800,11937704,GOOG
2024-05-10,169.6900,171.3400,167.9100,170.2900,169.5000,18740500,GOOG
2024-05-13,165.8500,170.9500,165.7600,170.9000,170.1000,19648600,GOOG
2024-05-14,171.5900,172.7800,170.4200,171.9300,171.1300,18729500,GOOG
2024-05-15,172.3000,174.0500,172.0300,173.8800,173.0700,20958245,GOOG
2024-05-16,174.6000,176.3400,174.0500,175.4300,174.6100,17247311,GOOG
2024-05-17,175.5500,177.5000,174.9800,177.2900,176.4600,16546400,GOOG
2024-05-20,177.3100,179.9500,177.2300,178.4600,177.6300,17495122,GOOG
2024-05-21,178.4000,179.8200,177.3100,179.5400,178.7000,14706021,GOOG
2024-05-22,178.4000,178.8500,176.7800,178.0000,177.1700,16189404,GOOG
2024-05-23,178.7800,179.9100,174.5400,175.0600,174.2400,14928400,GOOG
2024-05-24,176.5200,177.3000,175.2000,176.3300,175.5100,11403560,GOOG
2024-05-28,175.7400,178.5100,175.6800,178.0200,177.1900,15655340,GOOG
2024-05-29,176.8100,178.2300,176.2600,177.4000,176.5700,15023847,GOOG
2024-05-30,176.6900,176.6900,173.2300,173.5600,172.7500,18844036,GOOG
2024-05-31,173.4000,174.4200,170.9700,173.9600,173.1500,28085200,GOOG
2024-06-03,173.8800,175.8600,172.4500,174.4200,173.6100,20742800,GOOG
2024-06-04,174.4500,175.1900,173.2200,175.1300,174.3100,14066602,GOOG
2024-06-05,176.5400,177.9700,175.2900,177.0700,176.2400,15233900,GOOG
2024-06-06,177.4300,178.7100,177.2100,178.3500,177.5200,14255818,GOOG
2024-06-07,178.4600,179.4200,175.7900,175.9500,175.1300,14716300,GOOG
2024-06-10,176.4500,178.4700,174.3800,176.6300,176.0000,17122247,GOOG
2024-06-11,177.7200,178.3900,175.4400,178.1900,177.5600,14402401,GOOG
2024-06-12,179.7500,182.0800,177.7800,179.5600,178.9200,18600421,GOOG
2024-06-13,177.8400,178.5100,176.6600,176.7400,176.1100,15956941,GOOG
2024-06-14,175.8500,178.7300,175.8500,178.3700,177.7400,12361600,GOOG
2024-06-17,176.9800,179.9200,176.4900,178.7800,178.1500,15272900,GOOG
2024-06-18,178.7900,178.9100,175.6200,176.4500,175.8200,15640300,GOOG
2024-06-20,176.7100,178.7400,176.4600,177.7100,177.0800,16753200,GOOG
2024-06-21,178.4900,182.5100,178.0600,180.2600,179.6200,59728019,GOOG
2024-06-24,181.2800,182.0800,180.2300,180.7900,180.1500,18198300,GOOG
2024-06-25,181.1500,185.7500,181.1100,185.5800,184.9200,18917734,GOOG
2024-06-26,184.2000,185.9300,183.9900,185.3700,184.7100,13375715,GOOG
2024-06-27,185.6500,187.5000,185.4500,186.8600,186.2000,13025700,GOOG
2024-06-28,185.7200,186.5800,183.3300,183.4200,182.7700,23032400,GOOG
2024-07-01,184.4800,185.3400,182.7300,184.4900,183.8400,11815900,GOOG
2024-07-02,183.4700,186.9500,183.0600,186.6100,185.9500,12555545,GOOG
2024-07-03,186.3000,187.6200,185.3900,187.3900,186.7200,7409106,GOOG
2024-07-05,187.3200,192.2600,187.3200,191.9600,191.2800,14303400,GOOG
2024-07-08,191.3700,191.6800,189.3200,190.4800,189.8000,12097611,GOOG
2024-07-09,191.7500,192.8600,190.2300,190.4400,189.7600,10224925,GOOG
2024-07-10,190.7500,193.3100,190.6200,192.6600,191.9800,12052906,GOOG
2024-07-11,191.3400,192.4100,186.8200,187.3000,186.6400,16452000,GOOG
2024-07-12,186.9200,188.6900,186.1400,186.7800,186.1200,14449113,GOOG
2024-07-15,186.4900,189.9000,186.4900,188.1900,187.5200,12186015,GOOG
2024-07-16,188.9600,190.3400,185.1200,185.5000,184.8400,12760102,GOOG
2024-07-17,184.6800,185.2300,181.6200,182.6200,181.9700,17376600,GOOG
2024-07-18,183.5400,184.0500,178.2100,179.2200,178.5800,17877200,GOOG
2024-07-19,180.3700,181.9700,178.8600,179.3900,178.7500,14485900,GOOG
2024-07-22,182.3500,184.3000,181.9000,183.3500,182.7000,16303900,GOOG
2024-07-23,183.8400,185.2200,183.3300,183.6000,182.9500,23772602,GOOG
2024-07-24,175.3900,177.9500,173.5700,174.3700,173.7500,31250700,GOOG
2024-07-25,174.2500,175.2000,169.0500,169.1600,168.5600,28967900,GOOG
2024-07-26,168.7700,169.8400,165.8700,168.6800,168.0800,25150116,GOOG
2024-07-29,170.5000,172.1600,169.7200,171.1300,170.5200,13768931,GOOG
2024-07-30,171.8300,172.9500,170.1200,171.8600,171.2500,13681418,GOOG
2024-07-31,174.9200,175.9100,171.7200,173.1500,172.5400,15650200,GOOG
2024-08-01,171.9800,175.6800,170.5100,172.4500,171.8400,17177833,GOOG
2024-08-02,168.1900,170.2100,166.3900,168.4000,167.8000,18907800,GOOG
2024-08-05,157.3700,165.9400,156.6000,160.6400,160.0700,34907815,GOOG
2024-08-06,160.9500,162.3500,158.1300,160.5400,159.9700,36146541,GOOG
2024-08-07,163.2400,164.7900,160.2400,160.7500,160.1800,19334246,GOOG
2024-08-08,162.3400,165.5000,162.0300,163.8400,163.2600,15733612,GOOG
2024-08-09,161.6500,165.5200,160.9300,165.3900,164.8000,13549230,GOOG
2024-08-12,166.0000,166.7000,163.5500,163.9500,163.3700,12435000,GOOG
2024-08-13,165.1900,166.5400,164.7700,165.9300,165.3400,12717628,GOOG
2024-08-14,164.2100,164.9600,159.5300,162.0300,161.4500,22515900,GOOG
2024-08-15,162.2100,163.5200,161.4900,163.1700,162.5900,18392500,GOOG
2024-08-16,163.4100,166.9500,163.0800,164.7400,164.1600,16853137,GOOG
2024-08-19,167.0000,168.4700,166.0900,168.4000,167.8000,13100800,GOOG
2024-08-20,168.7400,170.4100,168.6600,168.9600,168.3600,12622523,GOOG
2024-08-21,166.9900,168.6400,166.5700,167.6300,167.0300,15269600,GOOG
2024-08-22,169.0400,169.4200,165.0300,165.4900,164.9000,19123800,GOOG
2024-08-23,166.5500,167.9500,165.6600,167.4300,166.8400,14281621,GOOG
2024-08-26,168.1600,169.3800,166.3200,167.9300,167.3300,11990305,GOOG
2024-08-27,167.6100,168.2500,166.1600,166.3800,165.7900,13718200,GOOG
2024-08-28,166.7800,167.3900,163.2800,164.5000,163.9200,15208736,GOOG
2024-08-29,166.0600,167.6300,161.9800,163.4000,162.8200,17133830,GOOG
2024-08-30,164.2200,165.2800,163.4100,165.1100,164.5200,18498800,GOOG
2024-09-03,163.3200,163.3800,157.8500,158.6100,158.0500,26533110,GOOG
2024-09-04,158.0700,160.4000,157.4400,157.8100,157.2500,17410700,GOOG
2024-09-05,157.7800,161.0100,157.5200,158.6000,158.0400,14139501,GOOG
2024-09-06,158.6900,159.2200,151.9400,152.1300,151.5900,24999100,GOOG
2024-09-09,153.6300,154.6400,148.2000,149.5400,149.2000,28057746,GOOG
2024-09-10,151.4500,152.3000,149.5400,150.0100,149.6700,20401800,GOOG
2024-09-11,151.0900,152.4800,148.7000,152.1500,151.8000,18991500,GOOG
2024-09-12,154.8100,155.6100,153.5000,155.5400,155.1900,21024100,GOOG
2024-09-13,156.3600,159.2800,156.1100,158.3700,158.0100,16733908,GOOG
2024-09-16,158.3300,159.2400,157.6100,158.9900,158.6300,14157614,GOOG
2024-09-17,160.0900,161.5900,159.4100,160.2800,159.9200,12064800,GOOG
2024-09-18,160.8500,161.6300,159.6600,160.8100,160.4400,16756500,GOOG
2024-09-19,164.8200,164.9900,162.5200,163.2400,162.8700,17548200,GOOG
2024-09-20,164.5200,164.7500,163.1800,164.6400,164.2700,46362700,GOOG
2024-09-23,165.3400,166.6100,162.9500,163.0700,162.7000,15648446,GOOG
2024-09-24,164.2500,164.5500,162.0300,163.6400,163.2700,18774100,GOOG
2024-09-25,162.9700,164.2200,162.7800,162.9900,162.6200,13607900,GOOG
2024-09-26,165.0300,165.5000,163.5000,163.8300,163.4600,18234500,GOOG
2024-09-27,163.9100,166.9700,163.8300,165.2900,164.9100,13604300,GOOG
2024-09-30,164.7800,167.3600,164.6400,167.1900,166.8100,14083451,GOOG
2024-10-01,168.8600,170.4400,165.9000,168.4200,168.0400,18629506,GOOG
2024-10-02,167.7600,168.8800,166.2500,167.3100,166.9300,12745000,GOOG
2024-10-03,165.8200,167.9100,165.3700,167.2100,166.8300,11004333,GOOG
2024-10-04,169.3400,169.5500,166.9600,168.5600,168.1800,11435318,GOOG
2024-10-07,169.1400,169.9000,164.1300,164.3900,164.0200,14034722,GOOG
2024-10-08,165.4300,166.1000,164.3100,165.7000,165.3200,11723900,GOOG
2024-10-09,164.8600,166.2600,161.1200,163.0600,162.6900,19666411,GOOG
2024-10-10,162.1100,164.3100,161.6400,163.1800,162.8100,12900500,GOOG
2024-10-11,163.3300,165.2700,162.5000,164.5200,164.1500,10946000,GOOG
2024-10-14,164.9100,167.6200,164.7800,166.3500,165.9700,9981800,GOOG
2024-10-15,167.1400,169.0900,166.0500,166.9000,166.5200,14829338,GOOG
2024-10-16,166.0300,167.2800,165.2200,166.7400,166.3600,9968500,GOOG
2024-10-17,167.3800,167.9300,164.3700,164.5100,164.1400,15113400,GOOG
2024-10-18,164.8700,166.3700,164.7500,165.0500,164.6800,13091300,GOOG
2024-10-21,164.5800,166.2200,164.3100,165.8000,165.4200,11384047,GOOG
2024-10-22,164.7000,167.4700,164.6700,166.8200,166.4400,11958617,GOOG
2024-10-23,166.4300,167.6000,163.6300,164.4800,164.1100,12754300,GOOG
2024-10-24,164.5900,165.0500,162.7700,164.5300,164.1600,12764430,GOOG
2024-10-25,165.3700,167.4000,165.2300,166.9900,166.6100,14566410,GOOG
2024-10-28,170.5900,170.6100,165.7900,168.3400,167.9600,20858300,GOOG
2024-10-29,169.3900,171.8600,168.6600,171.1400,170.7500,28916106,GOOG
2024-10-30,182.4100,183.7900,175.7500,176.1400,175.7400,49698313,GOOG
2024-10-31,174.7200,178.4200,172.5600,172.6900,172.3000,32801900,GOOG
2024-11-01,171.5400,173.8200,170.3100,172.6500,172.2600,21752900,GOOG
2024-11-04,171.2400,171.9200,169.4900,170.6800,170.2900,16194000,GOOG
2024-11-05,170.8300,172.1000,170.3700,171.4100,171.0200,12518300,GOOG
2024-11-06,175.3500,178.6400,175.0400,178.3300,177.9300,27061510,GOOG
2024-11-07,179.1100,182.5800,178.8900,182.2800,181.8700,16730407,GOOG
2024-11-08,182.0000,182.3500,179.5700,179.8600,179.4500,15021549,GOOG
2024-11-11,180.0700,182.0900,179.9900,181.9700,181.5600,12503422,GOOG
2024-11-12,181.3800,184.0300,180.9900,183.3200,182.9000,14065845,GOOG
2024-11-13,182.1500,182.6200,180.1200,180.4900,180.0800,13969709,GOOG
2024-11-14,179.7500,180.4500,176.0300,177.3500,176.9500,17925800,GOOG
2024-11-15,175.6400,175.8800,172.7500,173.8900,173.5000,21708900,GOOG
2024-11-18,174.9600,176.9100,174.4200,176.8000,176.4000,18725422,GOOG
2024-11-19,175.2400,180.1700,175.1200,179.5800,179.1700,15392900,GOOG
2024-11-20,178.8300,179.1100,175.3300,177.3300,176.9300,15729806,GOOG
2024-11-21,175.4600,175.5800,165.3100,169.2400,168.8600,38839431,GOOG
2024-11-22,167.1600,168.2600,165.7100,166.5700,166.1900,24497042,GOOG
2024-11-25,167.9900,170.4600,167.4000,169.4300,169.0500,21395700,GOOG
2024-11-26,169.4900,171.5000,169.4300,170.6200,170.2300,14937500,GOOG
2024-11-27,170.6800,171.1400,169.6700,170.8200,170.4300,12433400,GOOG
2024-11-29,170.0600,170.8700,168.7500,170.4900,170.1000,9250712,GOOG
2024-12-02,170.3200,173.6000,170.2700,172.9800,172.5900,16593444,GOOG
2024-12-03,173.1200,174.3200,172.5100,173.0200,172.6300,15721500,GOOG
2024-12-04,172.7800,176.4300,172.7500,176.0900,175.6900,18239842,GOOG
2024-12-05,177.3200,177.7100,174.0100,174.3100,173.9100,16145520,GOOG
2024-12-06,173.8800,176.8400,173.5500,176.4900,176.0900,13319549,GOOG
2024-12-09,175.7200,178.0400,175.4000,177.1000,176.9000,19887800,GOOG
2024-12-10,184.5400,188.0300,182.6700,186.5300,186.3200,34317438,GOOG
2024-12-11,186.7000,196.8900,186.2600,196.7100,196.4900,41664500,GOOG
2024-12-12,196.3000,196.7100,193.2800,193.6300,193.4100,25197800,GOOG
2024-12-13,192.7100,194.3400,191.2600,191.3800,191.1600,18883217,GOOG
2024-12-16,194.3700,200.6400,194.1100,198.1600,197.9300,32248640,GOOG
2024-12-17,198.5300,202.8800,196.6900,197.1200,196.9000,24129500,GOOG
2024-12-18,196.8300,198.6900,189.2800,190.1500,189.9300,27638416,GOOG
2024-12-19,193.2800,194.6000,189.5200,189.7000,189.4800,26981200,GOOG
2024-12-20,187.0100,194.1400,186.3700,192.9600,192.7400,45319703,GOOG
2024-12-23,194.0300,196.4900,191.6300,195.9900,195.7700,15235942,GOOG
2024-12-24,196.1700,197.6700,195.2000,197.5700,197.3400,6809823,GOOG
2024-12-26,196.7400,198.1600,195.8700,197.1000,196.8800,7918434,GOOG
2024-12-27,196.4700,196.8000,191.9700,194.0400,193.8200,14693000,GOOG
2024-12-30,190.8700,193.7800,190.3600,192.6900,192.4700,12209534,GOOG
2024-12-31,192.4500,193.2500,189.5800,190.4400,190.2200,14355221,GOOG
2025-01-02,191.4900,193.2000,188.7100,190.6300,190.4100,17545200,GOOG
2025-01-03,192.7300,194.5000,191.3500,193.1300,192.9100,12875000,GOOG
2025-01-06,195.1500,199.5600,195.0600,197.9600,197.7300,19483323,GOOG
2025-01-07,198.2700,202.1400,195.9400,196.7100,196.4900,16966800,GOOG
2025-01-08,193.9500,197.6400,193.7500,195.3900,195.1700,14335341,GOOG
2025-01-10,195.4200,197.6200,191.6000,193.1700,192.9500,20753800,GOOG
2025-01-13,191.3500,192.4900,188.6600,192.2900,192.0700,13169100,GOOG
2025-01-14,192.5000,193.2700,189.6400,191.0500,190.8300,13651200,GOOG
2025-01-15,194.3500,197.8000,193.3300,196.9800,196.7600,12894900,GOOG
2025-01-16,195.8300,196.9800,194.3000,194.4100,194.1900,13449600,GOOG
2025-01-17,198.0500,198.8100,195.3100,197.5500,197.3200,22109129,GOOG
2025-01-21,200.5100,203.8400,199.4400,199.6300,199.4000,19005232,GOOG
2025-01-22,200.5500,202.1200,199.2000,200.0300,199.8000,15477400,GOOG
2025-01-23,199.9800,201.9400,196.8200,199.5800,199.3500,15170838,GOOG
2025-01-24,199.8500,202.5700,199.7800,201.9000,201.6700,12732400,GOOG
2025-01-27,194.1900,198.6700,192.7000,193.7700,193.5500,24970200,GOOG
2025-01-28,194.6500,197.2300,192.6100,197.0700,196.8500,15939200,GOOG
2025-01-29,197.3700,198.4600,195.1900,197.1800,196.9600,12287818,GOOG
2025-01-30,199.7600,203.2400,199.4700,202.6300,202.4000,14571500,GOOG
2025-01-31,203.7200,207.0800,203.5800,205.6000,205.3700,17087335,GOOG
2025-02-03,202.2200,205.2200,201.6600,202.6400,202.4100,16719500,GOOG
2025-02-04,204.5000,208.7000,204.2600,207.7100,207.4700,28285436,GOOG
2025-02-05,193.1000,194.5500,189.9100,193.3000,193.0800,43719589,GOOG
2025-02-06,190.9900,193.8300,190.4900,193.3100,193.0900,20816600,GOOG
2025-02-07,192.7400,193.0200,185.1000,187.1400,186.9300,29565724,GOOG
2025-02-10,189.0600,189.9900,187.6100,188.2000,187.9900,16606020,GOOG
2025-02-11,186.8400,188.8000,186.0800,187.0700,186.8600,13028100,GOOG
2025-02-12,185.2300,186.8300,183.6300,185.4300,185.2200,17632314,GOOG
2025-02-13,185.9300,187.9900,184.8800,187.8800,187.6700,12729334,GOOG
2025-02-14,186.8300,188.1500,186.1100,186.8700,186.6600,12714200,GOOG
2025-02-18,187.4400,187.7800,183.5800,185.8000,185.5900,19796028,GOOG
2025-02-19,186.1900,187.3600,185.5000,187.1300,186.9200,13120500,GOOG
2025-02-20,186.5000,187.1200,184.6000,186.6400,186.4300,12063807,GOOG
2025-02-21,187.2900,187.4700,181.1300,181.5800,181.3700,19520800,GOOG
2025-02-24,183.8000,185.0900,180.8800,181.1900,180.9800,18734014,GOOG
2025-02-25,180.1600,180.7600,176.7700,177.3700,177.1700,20832500,GOOG
2025-02-26,176.9500,178.0800,173.5900,174.7000,174.5000,23693251,GOOG
2025-02-27,175.9400,176.5900,169.7500,170.2100,170.0200,25930530,GOOG
2025-02-28,170.3000,172.5000,168.3900,172.2200,172.0200,30049812,GOOG
2025-03-03,173.7300,175.0000,167.6400,168.6600,168.4700,24122000,GOOG
2025-03-04,167.9400,175.1700,167.5400,172.6100,172.4100,30711408,GOOG
2025-03-05,172.3200,175.7500,170.9300,174.9900,174.7900,18848036,GOOG
2025-03-06,172.5500,176.7300,172.5100,174.2100,174.0100,19082404,GOOG
2025-03-07,173.2400,176.9000,172.2500,175.7500,175.5500,16395300,GOOG
2025-03-10,170.1600,170.4500,165.5700,167.8100,167.8100,28990724,GOOG
2025-03-11,166.6800,168.6600,163.2400,165.9800,165.9800,23705900,GOOG
2025-03-12,168.4700,169.5300,165.4800,169.0000,169.0000,19880100,GOOG
2025-03-13,167.9800,168.1200,164.0700,164.7300,164.7300,15206200,GOOG
2025-03-14,165.3200,168.2500,164.5100,167.6200,167.6200,18611100,GOOG
2025-03-17,167.3300,168.4600,165.8100,166.5700,166.5700,17839139,GOOG
2025-03-18,165.9600,166.4400,158.8000,162.6700,162.6700,24616800,GOOG
2025-03-19,163.9200,168.1300,163.0500,166.2800,166.2800,24955717,GOOG
2025-03-20,163.8200,167.0300,163.1400,165.0500,165.0500,19981512,GOOG
2025-03-21,163.3800,166.4700,163.0300,166.2500,166.2500,29882100,GOOG
2025-03-24,169.2700,170.5000,167.4400,169.9300,169.9300,18742848,GOOG
2025-03-25,171.1800,172.9100,170.5500,172.7900,172.7900,13841600,GOOG
2025-03-26,171.3000,171.9400,166.8600,167.1400,167.1400,22554236,GOOG
2025-03-27,166.7100,167.4400,163.8500,164.0800,164.0800,21571200,GOOG
2025-03-28,162.3600,163.8100,155.3400,156.0600,156.0600,34866500,GOOG
2025-03-31,154.8100,157.1300,152.2100,156.2300,156.2300,33591600,GOOG
2025-04-01,155.3000,160.0800,155.2600,158.8800,158.8800,20111400,GOOG
2025-04-02,156.9600,160.2800,156.5300,158.8600,158.8600,17113321,GOOG
2025-04-03,152.8400,154.6900,152.1800,152.6300,152.6300,28416100,GOOG
2025-04-04,149.9000,153.0900,147.5400,147.7400,147.7400,38789753,GOOG
2025-04-07,143.4600,154.9225,142.6600,146.5100,146.5100,25649842,GOOG
