Symbol,Date,Open,High,Low,Close,Adjusted Close,Volume
MSFT,2025-04-07,350.8800,370.8899,344.7900,356.9150,356.9150,20854207
MSFT,2025-04-04,364.1300,374.5900,359.4800,359.8400,359.8400,46878390
MSFT,2025-04-03,374.7900,377.4800,369.3500,373.1100,373.1100,30198000
MSFT,2025-04-02,377.9700,385.0800,376.6200,382.1400,382.1400,16092600
MSFT,2025-04-01,374.6500,382.8500,373.2300,382.1900,382.1900,19689503
MSFT,2025-03-31,372.5400,377.0700,367.2400,375.3900,375.3900,35184700
MSFT,2025-03-28,388.0800,389.1300,376.9300,378.8000,378.8000,21632016
MSFT,2025-03-27,390.1300,392.2400,387.4000,390.5800,390.5800,13766800
MSFT,2025-03-26,395.0000,395.3100,388.5700,389.9700,389.9700,16132906
MSFT,2025-03-25,393.9200,396.3600,392.6400,395.1600,395.1600,15775000
MSFT,2025-03-24,395.4000,395.4000,389.8100,393.0800,393.0800,21004548
MSFT,2025-03-21,383.2200,391.7400,382.8000,391.2600,391.2600,39675928
MSFT,2025-03-20,385.7400,391.7900,383.2800,386.8400,386.8400,18470542
MSFT,2025-03-19,385.5300,389.6800,384.0000,387.8200,387.8200,19185532
MSFT,2025-03-18,387.0700,387.3700,381.1000,383.5200,383.5200,19486900
MSFT,2025-03-17,386.7000,392.7100,385.5700,388.7000,388.7000,22474300
MSFT,2025-03-14,379.7800,390.2300,379.5100,388.5600,388.5600,19952846
MSFT,2025-03-13,383.1600,385.3200,377.4500,378.7700,378.7700,20473017
MSFT,2025-03-12,382.9500,385.2200,378.9500,383.2700,383.2700,24253600
MSFT,2025-03-11,379.0000,386.0000,376.9100,380.4500,380.4500,30380200
MSFT,2025-03-10,385.8400,386.4000,377.2200,380.1600,380.1600,32840134
MSFT,2025-03-07,392.3200,394.8000,385.5400,393.3100,393.3100,22034100
MSFT,2025-03-06,394.2800,402.1500,392.6800,396.8900,396.8900,23304625
MSFT,2025-03-05,389.3400,401.6700,388.8100,401.0200,401.0200,23433132
MSFT,2025-03-04,383.4000,392.5800,381.0000,388.6100,388.6100,29342923
MSFT,2025-03-03,398.8200,398.8200,386.1600,388.4900,388.4900,23007726
MSFT,2025-02-28,392.6600,397.6300,386.5700,396.9900,396.9900,32845700
MSFT,2025-02-27,401.2700,405.7400,392.1700,392.5300,392.5300,21127406
MSFT,2025-02-26,398.0100,403.6000,394.2500,399.7300,399.7300,19619000
MSFT,2025-02-25,401.1000,401.9200,396.7000,397.9000,397.9000,29387402
MSFT,2025-02-24,408.5100,409.3700,399.3200,404.0000,404.0000,26443700
MSFT,2025-02-21,417.3400,418.0500,407.8900,408.2100,408.2100,27524800
MSFT,2025-02-20,415.2900,419.3100,412.5400,416.1300,416.1300,23508728
MSFT,2025-02-19,407.8800,415.4900,407.6500,414.7700,413.9400,24114200
MSFT,2025-02-18,408.0000,410.6000,406.5000,409.6400,408.8200,21423100
MSFT,2025-02-14,407.7900,408.9100,405.8800,408.4300,407.6100,22758500
MSFT,2025-02-13,407.0000,411.0000,406.3600,410.5400,409.7200,23891731
MSFT,2025-02-12,407.2100,410.7500,404.3700,409.0400,408.2200,19121734
MSFT,2025-02-11,409.6400,412.4900,409.3000,411.4400,410.6200,18140600
MSFT,2025-02-10,413.7100,415.4600,410.9200,412.2200,411.4000,20817919
MSFT,2025-02-07,416.4800,418.6500,408.1000,409.7500,408.9300,22886844
MSFT,2025-02-06,414.0000,418.2000,414.0000,415.8200,414.9900,16309800
MSFT,2025-02-05,412.3500,413.8300,410.4000,413.2900,412.4600,16336188
MSFT,2025-02-04,412.6900,413.9200,409.7400,412.3700,411.5400,20532100
MSFT,2025-02-03,411.6000,415.4100,408.6600,410.9200,410.1000,25679149
MSFT,2025-01-31,418.9800,420.6900,414.9100,415.0600,414.2300,34223400
MSFT,2025-01-30,418.7700,422.8600,413.1600,414.9900,414.1600,54586300
MSFT,2025-01-29,446.6900,446.8800,440.4000,442.3300,441.4400,23581400
MSFT,2025-01-28,434.6000,448.3800,431.3800,447.2000,446.3100,23491703
MSFT,2025-01-27,424.0100,435.2000,423.5000,434.5600,433.6900,35647805
MSFT,2025-01-24,445.1600,446.6500,441.4000,444.0600,443.1700,15549500
MSFT,2025-01-23,442.0000,446.7500,441.5000,446.7100,445.8200,18389300
MSFT,2025-01-22,437.5600,447.2700,436.0000,446.2000,445.3100,27803811
MSFT,2025-01-21,430.2000,430.9000,425.6000,428.5000,427.6400,26085703
MSFT,2025-01-17,434.0900,434.4800,428.1700,429.0300,428.1700,26197507
MSFT,2025-01-16,428.7000,429.4900,424.3900,424.5800,423.7300,15300023
MSFT,2025-01-15,419.1300,428.1500,418.2700,426.3100,425.4600,19637838
MSFT,2025-01-14,417.8100,419.7400,410.7200,415.6700,414.8400,16935900
MSFT,2025-01-13,415.2400,418.5000,412.2900,417.1900,416.3600,17604800
MSFT,2025-01-10,424.6300,424.7100,415.0200,418.9500,418.1100,20201132
MSFT,2025-01-08,423.4600,426.9700,421.5400,424.5600,423.7100,15054600
MSFT,2025-01-07,429.0000,430.6500,420.8000,422.3700,421.5200,18139100
MSFT,2025-01-06,428.0000,434.3200,425.4800,427.8500,426.9900,20573648
MSFT,2025-01-03,421.0800,424.0300,419.5400,423.3500,422.5000,16662943
MSFT,2025-01-02,425.5300,426.0700,414.8500,418.5800,417.7400,16896500
MSFT,2024-12-31,426.1000,426.7300,420.6600,421.5000,420.6600,13246509
MSFT,2024-12-30,426.0600,427.5500,421.9000,424.8300,423.9800,13158703
MSFT,2024-12-27,434.6000,435.2200,426.3500,430.5300,429.6700,18117713
MSFT,2024-12-26,439.0800,440.9400,436.6300,438.1100,437.2300,8199927
MSFT,2024-12-24,434.6500,439.6000,434.1900,439.3300,438.4500,7164543
MSFT,2024-12-23,436.7400,437.6500,432.8300,435.2500,434.3800,19152519
MSFT,2024-12-20,433.1100,443.7400,428.6300,436.6000,435.7300,64263700
MSFT,2024-12-19,441.6200,443.1800,436.3200,437.0300,436.1600,22963700
MSFT,2024-12-18,451.3200,452.6500,437.0200,437.3900,436.5100,24444545
MSFT,2024-12-17,451.0100,455.2900,449.5700,454.4600,453.5500,22733500
MSFT,2024-12-16,447.2700,452.1800,445.2800,451.5900,450.6900,23598834
MSFT,2024-12-13,448.4400,451.4300,445.5800,447.2700,446.3700,20177833
MSFT,2024-12-12,449.1100,456.1600,449.1100,449.5600,448.6600,20834800
MSFT,2024-12-11,444.0500,450.3500,444.0500,448.9900,448.0900,19200208
MSFT,2024-12-10,444.3900,449.6200,441.6000,443.3300,442.4400,18469500
MSFT,2024-12-09,442.6000,448.3300,440.5000,446.0200,445.1300,19144400
MSFT,2024-12-06,442.3000,446.1000,441.7700,443.5700,442.6800,18821002
MSFT,2024-12-05,437.9200,444.6600,436.1700,442.6200,441.7300,21697800
MSFT,2024-12-04,433.0300,439.6700,432.6300,437.4200,436.5400,26009429
MSFT,2024-12-03,429.8400,432.4700,427.7400,431.2000,430.3400,18302000
MSFT,2024-12-02,421.5700,433.0000,421.3100,430.9800,430.1200,20207223
MSFT,2024-11-29,420.0900,424.8800,417.8000,423.4600,422.6100,16271921
MSFT,2024-11-27,425.1100,427.2300,422.0200,422.9900,422.1400,18332444
MSFT,2024-11-26,419.5900,429.0400,418.8500,427.9900,427.1300,23458900
MSFT,2024-11-25,418.3800,421.0800,414.8500,418.7900,417.9500,27691100
MSFT,2024-11-22,411.3700,417.4000,411.0600,417.0000,416.1700,24814626
MSFT,2024-11-21,419.5000,419.7800,410.2900,412.8700,412.0400,20780200
MSFT,2024-11-20,416.8700,417.2900,410.5800,415.4900,413.8300,19191700
MSFT,2024-11-19,413.1100,417.9400,411.5500,417.7900,416.1200,18133529
MSFT,2024-11-18,414.8700,418.4000,412.1000,415.7600,414.1000,24742013
MSFT,2024-11-15,419.8200,422.8000,413.6400,415.0000,413.3400,28247644
MSFT,2024-11-14,425.0000,428.1700,420.0000,426.8900,425.1800,30246900
MSFT,2024-11-13,421.6400,429.3300,418.2100,425.2000,423.5000,21502200
MSFT,2024-11-12,418.2500,424.4400,417.2000,423.0300,421.3400,19401204
MSFT,2024-11-11,422.5200,424.8100,416.0000,418.0100,416.3400,24503321
MSFT,2024-11-08,425.3200,426.5000,421.7800,422.5400,420.8500,16891414
MSFT,2024-11-07,421.2800,426.8500,419.8800,425.4300,423.7300,19901800
MSFT,2024-11-06,412.4200,420.4500,410.5200,420.1800,418.5000,26681842
MSFT,2024-11-05,408.3700,414.9000,408.0800,411.4600,409.8200,17626011
MSFT,2024-11-04,409.8000,410.4200,405.5700,408.4600,406.8300,19672300
MSFT,2024-11-01,409.0100,415.5000,407.5000,410.3700,408.7300,24230442
MSFT,2024-10-31,415.3600,416.1600,406.3000,406.3500,404.7300,53971000
MSFT,2024-10-30,437.4400,438.5000,432.1000,432.5300,430.8000,29749149
MSFT,2024-10-29,428.0000,433.1700,425.8000,431.9500,430.2200,17644100
MSFT,2024-10-28,431.6600,431.9400,426.3000,426.5900,424.8900,14882444
MSFT,2024-10-25,426.7600,432.5200,426.5700,428.1500,426.4400,16899100
MSFT,2024-10-24,425.3300,425.9800,422.4000,424.7300,423.0300,13581631
MSFT,2024-10-23,430.8600,431.0800,422.5300,424.6000,422.9000,19654400
MSFT,2024-10-22,418.4900,430.5800,418.0400,427.5100,425.8000,25482200
MSFT,2024-10-21,416.1200,418.9600,413.7500,418.7800,417.1100,14206115
MSFT,2024-10-18,417.1400,419.6500,416.2600,418.1600,416.4900,17145317
MSFT,2024-10-17,422.3600,422.5000,415.5900,416.7200,415.0600,14820004
MSFT,2024-10-16,415.1700,416.3600,410.4800,416.1200,414.4600,15508932
MSFT,2024-10-15,422.1800,422.4800,415.2600,418.7400,417.0700,18900201
MSFT,2024-10-14,417.7700,424.0400,417.5200,419.1400,417.4700,16653100
MSFT,2024-10-11,416.1400,417.1300,413.2500,416.3200,414.6600,14144944
MSFT,2024-10-10,415.2300,417.3500,413.1500,415.8400,414.1800,13848400
MSFT,2024-10-09,415.8600,420.3800,414.3000,417.4600,415.7900,14974300
MSFT,2024-10-08,410.9000,415.6600,408.1700,414.7100,413.0500,19229300
MSFT,2024-10-07,416.0000,417.1100,409.0000,409.5400,407.9000,20919800
MSFT,2024-10-04,418.2400,419.7500,414.9700,416.0600,414.4000,19190913
MSFT,2024-10-03,417.6300,419.5500,414.2900,416.5400,414.8800,13686421
MSFT,2024-10-02,422.5800,422.8200,416.7100,417.1300,415.4600,16582300
MSFT,2024-10-01,428.4500,428.4800,418.8100,420.6900,419.0100,19092945
MSFT,2024-09-30,428.2100,430.4200,425.3700,430.3000,428.5800,16854606
MSFT,2024-09-27,431.5200,431.8500,427.4700,428.0200,426.3100,14896131
MSFT,2024-09-26,435.0900,435.3000,429.1300,431.3100,429.5900,14492044
MSFT,2024-09-25,429.8300,433.1200,428.5700,432.1100,430.3800,13396400
MSFT,2024-09-24,433.0000,433.3500,426.1000,429.1700,427.4600,17015800
MSFT,2024-09-23,434.2800,436.4600,430.3900,433.5100,431.7800,15128900
MSFT,2024-09-20,437.2200,439.2400,434.2200,435.2700,433.5300,55167106
MSFT,2024-09-19,441.2300,441.5000,436.9000,438.6900,436.9400,21706600
MSFT,2024-09-18,435.0000,436.0300,430.4100,430.8100,429.0900,18898042
MSFT,2024-09-17,440.2300,441.8500,432.2700,435.1500,433.4100,18874231
MSFT,2024-09-16,430.6000,433.5300,428.2200,431.3400,429.6200,13834700
MSFT,2024-09-13,425.8300,431.8300,425.4600,430.5900,428.8700,15874600
MSFT,2024-09-12,423.3100,427.3700,419.7500,427.0000,425.2900,17418800
MSFT,2024-09-11,415.5000,423.9900,409.5800,423.0400,421.3500,19266923
MSFT,2024-09-10,408.2000,416.3300,407.7000,414.2000,412.5500,19594300
MSFT,2024-09-09,407.2400,408.6500,402.1500,405.7200,404.1000,15295134
MSFT,2024-09-06,409.0600,410.6500,400.8000,401.7000,400.1000,19609526
MSFT,2024-09-05,407.6200,413.1000,406.1300,408.3900,406.7600,14195516
MSFT,2024-09-04,405.9100,411.2400,404.3700,408.9000,407.2700,15135806
MSFT,2024-09-03,417.9100,419.8800,407.0300,409.4400,407.8000,20313603
MSFT,2024-08-30,415.6000,417.4900,412.1300,417.1400,415.4700,24308324
MSFT,2024-08-29,414.9400,422.0500,410.6000,413.1200,411.4700,17045241
MSFT,2024-08-28,414.8800,415.0000,407.3100,410.6000,408.9600,14882700
MSFT,2024-08-27,412.8600,414.3600,410.2500,413.8400,412.1900,13492911
MSFT,2024-08-26,416.3700,417.2800,411.3400,413.4900,411.8400,13152830
MSFT,2024-08-23,416.9800,419.2600,412.0900,416.7900,415.1300,18493800
MSFT,2024-08-22,424.3600,426.7900,414.6100,415.5500,413.8900,19361901
MSFT,2024-08-21,424.0800,426.4000,421.7200,424.1400,422.4500,16067300
MSFT,2024-08-20,421.7000,425.8600,421.6400,424.8000,423.1000,16387600
MSFT,2024-08-19,418.9600,421.7500,416.4600,421.5300,419.8500,15234000
MSFT,2024-08-16,420.6000,421.3400,417.3000,418.4700,416.8000,22775600
MSFT,2024-08-15,419.8000,421.1100,417.6600,421.0300,419.3500,20752144
MSFT,2024-08-14,414.8000,417.7200,412.4500,416.8600,414.4500,18267000
MSFT,2024-08-13,409.5900,414.9500,409.5700,414.0100,411.6100,19414300
MSFT,2024-08-12,407.0600,408.7600,404.2400,406.8100,404.4600,16762900
MSFT,2024-08-09,404.0300,408.0500,402.2600,406.0200,403.6700,19276700
MSFT,2024-08-08,402.4400,405.8600,399.9400,402.6900,400.3600,20203030
MSFT,2024-08-07,408.6400,410.0800,397.4700,398.4300,396.1200,20650906
MSFT,2024-08-06,400.0000,405.6700,398.5000,399.6100,397.3000,24946525
MSFT,2024-08-05,389.1700,401.0400,385.5800,395.1500,392.8600,40709238
MSFT,2024-08-02,412.4900,415.0000,404.3400,408.4900,406.1300,29437900
MSFT,2024-08-01,420.7900,427.4600,413.0900,417.1100,414.7000,30296400
MSFT,2024-07-31,420.5000,421.7800,412.2100,418.3500,415.9300,42891400
MSFT,2024-07-30,427.7200,429.0500,417.3600,422.9200,420.4700,32687600
MSFT,2024-07-29,431.5800,432.1500,424.7000,426.7300,424.2600,15125836
MSFT,2024-07-26,418.2000,428.9200,417.2700,425.2700,422.8100,23583839
MSFT,2024-07-25,428.8000,429.8000,417.5100,418.4000,415.9800,29943800
MSFT,2024-07-24,440.4500,441.4800,427.5900,428.9000,426.4200,26805800
MSFT,2024-07-23,443.9000,448.3900,443.1000,444.8500,442.2800,13107100
MSFT,2024-07-22,441.7900,444.6000,438.9100,442.9400,440.3800,15808800
MSFT,2024-07-19,433.1000,441.1400,432.0000,437.1100,434.5800,20940417
MSFT,2024-07-18,444.3400,444.6500,434.4000,440.3700,437.8200,20794822
MSFT,2024-07-17,442.5900,444.8500,439.1800,443.5200,440.9500,21778000
MSFT,2024-07-16,454.2200,454.3000,446.6600,449.5200,446.9200,17175700
MSFT,2024-07-15,453.3000,457.2600,451.4300,453.9600,451.3300,14429447
MSFT,2024-07-12,454.3300,456.3600,450.6500,453.5500,450.9300,16324300
MSFT,2024-07-11,462.9800,464.7800,451.5500,454.7000,452.0700,23111200
MSFT,2024-07-10,461.2200,466.4600,458.8600,466.2500,463.5500,18196100
MSFT,2024-07-09,467.0000,467.3300,458.0000,459.5400,456.8800,17228507
MSFT,2024-07-08,466.5500,467.7000,464.4600,466.2400,463.5400,12962321
MSFT,2024-07-05,459.6100,468.3500,458.9700,467.5600,464.8500,16000300
MSFT,2024-07-03,458.1900,461.0200,457.8800,460.7700,458.1000,9932830
MSFT,2024-07-02,453.2000,459.5900,453.1100,459.2800,456.6200,13979800
MSFT,2024-07-01,448.6600,457.3700,445.6600,456.7300,454.0900,17662818
MSFT,2024-06-28,453.0700,455.3800,446.4100,446.9500,444.3600,28362300
MSFT,2024-06-27,452.1800,456.1700,451.7700,452.8500,450.2300,14806324
MSFT,2024-06-26,449.0000,453.6000,448.1900,452.1600,449.5400,16507030
MSFT,2024-06-25,448.2500,451.4200,446.7500,450.9500,448.3400,16747529
MSFT,2024-06-24,449.8000,452.7500,446.4100,447.6700,445.0800,15913719
MSFT,2024-06-21,447.3800,450.5800,446.5100,449.7800,447.1800,34486200
MSFT,2024-06-20,446.3000,446.5300,441.2700,445.7000,443.1200,19877400
MSFT,2024-06-18,449.7100,450.1400,444.8900,446.3400,443.7600,17112504
MSFT,2024-06-17,442.5900,450.9400,440.7200,448.3700,445.7800,20790030
MSFT,2024-06-14,438.2800,443.1400,436.7200,442.5700,440.0100,13582000
MSFT,2024-06-13,440.8500,443.3900,439.3700,441.5800,439.0200,15960600
MSFT,2024-06-12,435.3200,443.4000,433.2500,441.0600,438.5100,22366233
MSFT,2024-06-11,425.4800,432.8200,425.2500,432.6800,430.1800,14551101
MSFT,2024-06-10,424.7000,428.0800,423.8900,427.8700,425.3900,14003034
MSFT,2024-06-07,426.2000,426.2800,423.0000,423.8500,421.4000,13621700
MSFT,2024-06-06,424.0100,425.3100,420.5800,424.5200,422.0600,14861300
MSFT,2024-06-05,417.8100,424.0800,416.3000,424.0100,421.5600,16988038
MSFT,2024-06-04,412.4300,416.4400,409.6800,416.0700,413.6600,14348917
MSFT,2024-06-03,415.5300,416.4300,408.9200,413.5200,411.1300,17484700
MSFT,2024-05-31,416.7500,416.7500,404.5100,415.1300,412.7300,47995300
MSFT,2024-05-30,424.3000,424.3000,414.2400,414.6700,412.2700,28424847
MSFT,2024-05-29,425.6900,430.9400,425.6900,429.1700,426.6900,15517130
MSFT,2024-05-28,429.6300,430.8200,426.6000,430.3200,427.8300,15718024
MSFT,2024-05-24,427.1900,431.0600,424.4100,430.1600,427.6700,11855285
MSFT,2024-05-23,432.9700,433.6000,425.4200,427.0000,424.5300,17211700
MSFT,2024-05-22,430.0900,432.4100,427.1300,430.5200,428.0300,18073700
MSFT,2024-05-21,426.8300,432.9700,424.8500,429.0400,426.5600,21453300
MSFT,2024-05-20,420.2100,426.7700,419.9900,425.3400,422.8800,16272137
MSFT,2024-05-17,422.5400,422.9200,418.0300,420.2100,417.7800,15352239
MSFT,2024-05-16,421.8000,425.4200,420.3500,420.9900,418.5500,17530100
MSFT,2024-05-15,417.9000,423.8100,417.2700,423.0800,420.6300,22239533
MSFT,2024-05-14,412.0200,417.4900,411.5500,416.5600,413.4000,15109306
MSFT,2024-05-13,418.0100,418.3500,410.8200,413.7200,410.5900,15440226
MSFT,2024-05-10,412.9400,415.3800,411.8000,414.7400,411.6000,13402300
MSFT,2024-05-09,410.5700,412.7200,409.1000,412.3200,409.2000,14689727
MSFT,2024-05-08,408.1700,412.2300,406.7100,410.5400,407.4300,11792308
MSFT,2024-05-07,414.6600,414.6700,409.0900,409.3400,406.2400,20018228
MSFT,2024-05-06,408.7600,413.9300,406.3700,413.5400,410.4100,16996639
MSFT,2024-05-03,402.2800,407.1500,401.8600,406.6600,403.5800,17446724
MSFT,2024-05-02,397.6600,399.9300,394.6500,397.8400,394.8300,17709400
MSFT,2024-05-01,392.6100,401.7200,390.3100,394.9400,391.9500,23562500
MSFT,2024-04-30,401.4900,402.1600,389.1700,389.3300,386.3800,28781400
MSFT,2024-04-29,405.2500,406.3200,399.1900,402.2500,399.2000,19582100
MSFT,2024-04-26,412.1700,413.0000,405.7600,406.3200,403.2400,29694700
MSFT,2024-04-25,394.0300,399.8900,388.0300,399.0400,396.0200,40586500
MSFT,2024-04-24,409.5600,412.4700,406.7800,409.0600,405.9600,15065330
MSFT,2024-04-23,404.2400,408.2000,403.0600,407.5700,404.4800,15734501
MSFT,2024-04-22,400.0800,402.8500,395.7500,400.9600,397.9200,20286900
MSFT,2024-04-19,404.0300,405.4800,397.7700,399.1200,396.1000,30565789
MSFT,2024-04-18,410.6300,411.8900,403.9500,404.2700,401.2100,21029917
MSFT,2024-04-17,417.2500,418.8800,410.3300,411.8400,408.7200,15855500
MSFT,2024-04-16,414.5700,418.4000,413.7300,414.5800,411.4400,16765616
MSFT,2024-04-15,426.6000,426.8200,413.4300,413.6400,410.5100,20273538
MSFT,2024-04-12,424.0500,425.1800,419.7700,421.9000,418.7000,19253750
MSFT,2024-04-11,425.8200,429.3700,422.3600,427.9300,424.6900,17966423
MSFT,2024-04-10,422.1900,424.0300,419.7000,423.2600,420.0500,16216600
MSFT,2024-04-09,426.4400,427.7400,421.6200,426.2800,423.0500,12512300
MSFT,2024-04-08,425.1700,427.2800,423.3000,424.5900,421.3700,14272400
MSFT,2024-04-05,420.0100,426.5100,418.3200,425.5200,422.3000,16554761
MSFT,2024-04-04,424.9900,428.6700,417.5700,417.8800,414.7100,19370900
MSFT,2024-04-03,419.7300,423.2600,419.0900,420.4500,417.2600,16502300
MSFT,2024-04-02,420.1100,422.3800,417.8400,421.4400,418.2500,17912000
MSFT,2024-04-01,423.9500,427.8900,422.2200,424.5700,421.3500,16316000
MSFT,2024-03-28,420.9600,421.8700,419.1200,420.7200,417.5300,21871200
MSFT,2024-03-27,424.4400,424.4500,419.0100,421.4300,418.2400,16705000
MSFT,2024-03-26,425.6100,425.9900,421.3500,421.6500,418.4600,16725647
MSFT,2024-03-25,425.2400,427.4100,421.6100,422.8600,419.6600,18060500
MSFT,2024-03-22,429.7000,429.8600,426.0700,428.7400,425.4900,17648473
MSFT,2024-03-21,429.8300,430.8200,427.1600,429.3700,426.1200,21296222
MSFT,2024-03-20,422.0000,425.9600,420.6600,425.2300,422.0100,17860100
MSFT,2024-03-19,417.8300,421.6700,415.5500,421.4100,418.2200,19837915
MSFT,2024-03-18,414.2500,420.7300,413.7800,417.3200,414.1600,20106000
MSFT,2024-03-15,419.2900,422.6000,412.7900,416.4200,413.2600,45079903
MSFT,2024-03-14,420.2400,427.8200,417.9900,425.2200,422.0000,34157300
MSFT,2024-03-13,418.1000,418.1800,411.4500,415.1000,411.9500,17115931
MSFT,2024-03-12,407.6200,415.5700,406.7900,415.2800,412.1300,22457003
MSFT,2024-03-11,403.7600,405.6800,401.2600,404.5200,401.4600,16120800
MSFT,2024-03-08,407.9600,410.4200,404.3300,406.2200,403.1400,18002186
MSFT,2024-03-07,406.1200,409.7800,402.2400,409.1400,406.0400,18718500
MSFT,2024-03-06,402.9700,405.1600,398.3900,402.0900,399.0400,22344149
MSFT,2024-03-05,413.9600,414.2500,400.6400,402.6500,399.6000,26919200
MSFT,2024-03-04,413.4400,417.3500,412.3200,414.9200,411.7800,17596000
MSFT,2024-03-01,411.2700,415.8700,410.8800,415.5000,412.3500,17823445
MSFT,2024-02-29,408.6400,414.2000,405.9200,413.6400,410.5100,31947300
MSFT,2024-02-28,408.1800,409.3000,405.3200,407.7200,404.6300,13183125
MSFT,2024-02-27,407.9900,408.3200,403.8500,407.4800,404.3900,14835827
MSFT,2024-02-26,411.4600,412.1600,407.3600,407.5400,404.4500,16193505
MSFT,2024-02-23,415.6700,415.8600,408.9700,410.3400,407.2300,16295900
MSFT,2024-02-22,410.1900,412.8300,408.5700,411.6500,408.5300,27009900
MSFT,2024-02-21,400.1700,402.2900,397.2200,402.1800,399.1300,18631100
MSFT,2024-02-20,403.2400,404.4900,398.0100,402.7900,399.7400,24307915
MSFT,2024-02-16,407.9600,408.2900,403.4400,404.0600,401.0000,22296495
MSFT,2024-02-15,408.1400,409.1300,404.2900,406.5600,403.4800,21825525
MSFT,2024-02-14,408.0700,409.8400,404.5700,409.4900,406.3900,20401200
MSFT,2024-02-13,404.9400,410.0700,403.3900,406.3200,402.5000,27824936
MSFT,2024-02-12,420.5600,420.7400,414.7500,415.2600,411.3500,21202921
MSFT,2024-02-09,415.2500,420.8200,415.0900,420.5500,416.5900,22032844
MSFT,2024-02-08,414.0500,415.5600,412.5300,414.1100,410.2100,21225300
MSFT,2024-02-07,407.4400,414.3000,407.4000,414.0500,410.1500,22340526
MSFT,2024-02-06,405.8800,407.9700,402.9100,405.4900,401.6700,18382624
MSFT,2024-02-05,409.9000,411.1600,403.9900,405.6500,401.8300,25352300
MSFT,2024-02-02,403.8100,412.6500,403.5600,411.2200,407.3500,28256670
MSFT,2024-02-01,401.8300,408.0000,401.8000,403.7800,399.9800,30657726
MSFT,2024-01-31,406.9600,415.3200,397.2100,397.5800,393.8400,47871100
MSFT,2024-01-30,412.2600,413.0500,406.4500,408.5900,404.7500,33477610
MSFT,2024-01-29,406.0600,409.9800,404.3300,409.7200,405.8700,24510236
MSFT,2024-01-26,404.3700,406.1700,402.4300,403.9300,400.1300,17803300
MSFT,2024-01-25,404.3200,407.0100,402.5300,404.8700,401.0600,21021200
MSFT,2024-01-24,401.5400,405.6300,400.4500,402.5600,398.7700,24867000
MSFT,2024-01-23,395.7500,399.3800,393.9300,398.9000,395.1500,20525900
MSFT,2024-01-22,400.0200,400.6200,393.5900,396.5100,392.7800,27016902
MSFT,2024-01-19,395.7600,398.6700,393.5000,398.6700,394.9200,29331136
MSFT,2024-01-18,391.7200,393.9900,390.1200,393.8700,390.1600,23392100
MSFT,2024-01-17,387.9800,390.1100,384.8100,389.4700,385.8100,22234108
MSFT,2024-01-16,393.6600,394.0300,387.6200,390.2700,386.6000,27202300
MSFT,2024-01-12,385.4900,388.6800,384.6500,388.4700,384.8200,21661153
MSFT,2024-01-11,386.0000,390.6800,380.3800,384.6300,381.0100,27850846
MSFT,2024-01-10,376.3700,384.1700,376.3200,382.7700,379.1700,25514245
MSFT,2024-01-09,372.0100,375.9900,371.1900,375.7900,372.2500,20830000
MSFT,2024-01-08,369.3000,375.2000,369.0100,374.6900,371.1600,23134000
MSFT,2024-01-05,368.9700,372.0600,366.5000,367.7500,364.2900,21004575
MSFT,2024-01-04,370.6700,373.1000,367.1700,367.9400,364.4800,20901502
MSFT,2024-01-03,369.0100,373.2600,368.5100,370.6000,367.1100,23083500
MSFT,2024-01-02,373.8600,375.9000,366.7700,370.8700,367.3800,25258633
MSFT,2023-12-29,376.0000,377.1600,373.4800,376.0400,372.5000,18730838
MSFT,2023-12-28,375.3700,376.4600,374.1600,375.2800,371.7500,14327013
MSFT,2023-12-27,373.6900,375.0600,372.8100,374.0700,370.5500,14905412
MSFT,2023-12-26,375.0000,376.9400,373.5000,374.6600,371.1300,12673100
MSFT,2023-12-22,373.6800,375.1800,372.7100,374.5800,371.0600,17107484
MSFT,2023-12-21,372.5600,374.4100,370.0400,373.5400,370.0300,17708006
MSFT,2023-12-20,375.0000,376.0300,370.5300,370.6200,367.1300,26316700
MSFT,2023-12-19,371.4900,373.2600,369.8400,373.2600,369.7500,20603700
MSFT,2023-12-18,369.4500,373.0000,368.6800,372.6500,369.1400,21802900
MSFT,2023-12-15,366.8500,372.4000,366.2800,370.7300,367.2400,78502324
MSFT,2023-12-14,373.3100,373.7600,364.1300,365.9300,362.4900,43277500
MSFT,2023-12-13,376.0200,377.6400,370.7700,374.3700,370.8500,30955531
MSFT,2023-12-12,370.8500,374.4200,370.4600,374.3800,370.8600,24838300
MSFT,2023-12-11,368.4800,371.6000,366.1000,371.3000,367.8100,27708800
MSFT,2023-12-08,369.2000,374.4600,368.2300,374.2300,370.7100,20154366
MSFT,2023-12-07,368.2300,371.4500,366.3200,370.9500,367.4600,23118900
MSFT,2023-12-06,373.5400,374.1800,368.0300,368.8000,365.3300,21182100
MSFT,2023-12-05,366.4500,373.0800,365.6200,372.5200,369.0200,23065035
MSFT,2023-12-04,369.1000,369.5200,362.9000,369.1400,365.6700,32063305
MSFT,2023-12-01,376.7600,378.1600,371.3100,374.5100,370.9900,33040472
MSFT,2023-11-30,378.4900,380.0900,375.4700,378.9100,375.3400,30554415
MSFT,2023-11-29,383.7600,384.3000,377.4400,378.8500,375.2900,28963400
MSFT,2023-11-28,378.3500,383.0000,378.1600,382.7000,379.1000,20453112
MSFT,2023-11-27,376.7800,380.6400,376.2000,378.6100,375.0500,22179228
MSFT,2023-11-24,377.3300,377.9700,375.1400,377.4300,373.8800,10176649
MSFT,2023-11-22,378.0000,379.7900,374.9700,377.8500,374.2900,23361184
MSFT,2023-11-21,375.6700,376.2200,371.1200,373.0700,369.5600,28423145
MSFT,2023-11-20,371.2200,378.8700,371.0000,377.4400,373.8900,52528964
MSFT,2023-11-17,373.6100,374.3700,367.0000,369.8500,366.3700,40325371
MSFT,2023-11-16,370.9600,376.3500,370.1800,376.1700,372.6300,27182315
MSFT,2023-11-15,371.2800,373.1300,367.1100,369.6700,366.1900,26860100
MSFT,2023-11-14,371.0100,371.9500,367.3500,370.2700,366.0400,27683900
MSFT,2023-11-13,368.2200,368.4700,365.9000,366.6800,362.4900,19986506
MSFT,2023-11-10,361.4900,370.1000,361.0700,369.6700,365.4500,28065164
MSFT,2023-11-09,362.3000,364.7900,360.3600,360.6900,356.5700,24847331
MSFT,2023-11-08,361.6800,363.8700,360.5500,363.2000,359.0500,26767828
MSFT,2023-11-07,359.4000,362.4600,357.6300,360.5300,356.4100,25833931
MSFT,2023-11-06,353.4500,357.5400,353.3500,356.5300,352.4600,23828301
MSFT,2023-11-03,349.6300,354.3900,347.3300,352.8000,348.7700,23637673
MSFT,2023-11-02,347.2400,348.8300,344.7700,348.3200,344.3400,24348100
MSFT,2023-11-01,339.7900,347.4200,339.6500,346.0700,342.1200,28158819
MSFT,2023-10-31,338.8500,339.0000,334.6900,338.1100,334.2500,20265300
MSFT,2023-10-30,333.4100,339.4500,331.8300,337.3100,333.4600,22828100
MSFT,2023-10-27,330.4300,336.7200,328.4000,329.8100,326.0500,29856522
MSFT,2023-10-26,340.5400,341.6300,326.9400,327.8900,324.1500,37828543
MSFT,2023-10-25,345.0200,346.2000,337.6200,340.6700,336.7800,55053828
MSFT,2023-10-24,331.3000,331.8400,327.6000,330.5300,326.7600,31153600
MSFT,2023-10-23,325.4700,332.7300,324.3900,329.3200,325.5600,24374748
MSFT,2023-10-20,331.7200,331.9200,325.4500,326.6700,322.9400,25027715
MSFT,2023-10-19,332.1500,336.8800,330.9100,331.3200,327.5400,25052100
MSFT,2023-10-18,332.4900,335.5900,328.3000,330.1100,326.3400,23153602
MSFT,2023-10-17,329.5900,333.4600,327.4100,332.0600,328.2700,18338523
MSFT,2023-10-16,331.0500,336.1400,330.6000,332.6400,328.8400,22158048
MSFT,2023-10-13,332.3800,333.8300,326.3600,327.7300,323.9900,21085695
MSFT,2023-10-12,330.5700,333.6300,328.7200,331.1600,327.3800,19313100
MSFT,2023-10-11,331.2100,332.8200,329.1400,332.4200,328.6300,20063246
MSFT,2023-10-10,330.9600,331.1000,327.6700,328.3900,324.6400,20557100
MSFT,2023-10-09,324.7500,330.3000,323.1800,329.8200,326.0600,19891200
MSFT,2023-10-06,316.5500,329.1900,316.3000,327.2600,323.5200,25673630
MSFT,2023-10-05,319.0900,319.9800,314.9000,319.3600,315.7100,16965629
MSFT,2023-10-04,314.0300,320.0400,314.0000,318.9600,315.3100,20720144
MSFT,2023-10-03,320.8300,321.3900,311.2100,313.3900,309.8100,21033500
MSFT,2023-10-02,316.2800,321.8900,315.1800,321.8000,318.1300,20570006
MSFT,2023-09-29,317.7500,319.4700,314.9800,315.7500,312.1500,24147298
MSFT,2023-09-28,310.9900,315.4800,309.4500,313.6400,310.0600,19683600
MSFT,2023-09-27,312.3000,314.3000,309.6900,312.7900,309.2200,19410100
MSFT,2023-09-26,315.1300,315.8800,310.0200,312.1400,308.5800,26297600
MSFT,2023-09-25,316.5900,317.6700,315.0000,317.5400,313.9200,17836000
MSFT,2023-09-22,321.3200,321.4500,316.1500,317.0100,313.3900,21447900
MSFT,2023-09-21,319.2600,325.3500,315.0000,319.5300,315.8800,35560362
MSFT,2023-09-20,329.5100,329.5900,320.5100,320.7700,317.1100,21436525
MSFT,2023-09-19,326.1700,329.3900,324.5100,328.6500,324.9000,16514487
MSFT,2023-09-18,327.8000,330.4000,326.3600,329.0600,325.3000,16834208
MSFT,2023-09-15,336.9200,337.4000,329.6500,330.2200,326.4500,37679792
MSFT,2023-09-14,339.1500,340.8600,336.5700,338.7000,334.8300,20267048
MSFT,2023-09-13,331.3100,336.8500,331.1700,336.0600,332.2200,16544412
MSFT,2023-09-12,335.8200,336.7900,331.4800,331.7700,327.9800,17565500
MSFT,2023-09-11,337.2400,338.4200,335.4300,337.9400,334.0800,16583324
MSFT,2023-09-08,330.0900,336.1600,329.4600,334.2700,330.4500,19548165
MSFT,2023-09-07,331.2900,333.0800,329.0300,329.9100,326.1400,18381000
MSFT,2023-09-06,333.3800,334.4600,330.1800,332.8800,329.0800,17535800
MSFT,2023-09-05,329.0000,334.8500,328.6600,333.5500,329.7400,18553900
MSFT,2023-09-01,331.3100,331.9900,326.7800,328.6600,324.9100,14942024
MSFT,2023-08-31,329.2000,330.9100,326.7800,327.7600,324.0200,26411000
MSFT,2023-08-30,328.6700,329.8100,326.4500,328.7900,325.0400,15222110
MSFT,2023-08-29,321.8800,328.9800,321.8800,328.4100,324.6600,19284600
MSFT,2023-08-28,325.6600,326.1500,321.7200,323.7000,320.0000,14808500
MSFT,2023-08-25,321.4700,325.3600,318.8000,322.9800,319.2900,21684104
MSFT,2023-08-24,332.8500,332.9800,319.9600,319.9700,316.3200,23281434
MSFT,2023-08-23,323.8200,329.2000,323.4600,327.0000,323.2700,21166400
MSFT,2023-08-22,325.5000,326.0800,321.4600,322.4600,318.7800,16102024
MSFT,2023-08-21,317.9300,322.7700,317.0400,321.8800,318.2100,24040000
MSFT,2023-08-18,314.4900,318.3800,311.5500,316.4800,312.8700,24755012
MSFT,2023-08-17,320.5400,321.8700,316.2100,316.8800,313.2600,21257200
MSFT,2023-08-16,320.8000,324.4200,319.8000,320.4000,316.7400,20698900
MSFT,2023-08-15,323.0000,325.0900,320.9000,321.8600,317.5100,16966300
MSFT,2023-08-14,321.3900,324.0600,320.0800,324.0400,319.6600,18836139
MSFT,2023-08-11,320.2600,322.4100,319.2100,321.0100,316.6800,24355491
MSFT,2023-08-10,326.0200,328.2600,321.1800,322.9300,318.5700,20113725
MSFT,2023-08-09,326.4700,327.1100,321.0500,322.2300,317.8800,22373300
MSFT,2023-08-08,326.9600,328.7500,323.0000,326.0500,321.6500,22327600
MSFT,2023-08-07,328.3700,331.1100,327.5200,330.1100,325.6500,17741526
MSFT,2023-08-04,331.8800,335.1400,327.2400,327.7800,323.3500,23741484
MSFT,2023-08-03,326.0000,329.8800,325.9500,326.6600,322.2500,18360352
MSFT,2023-08-02,333.6300,333.6300,326.3600,327.5000,323.0800,27761300
MSFT,2023-08-01,335.1900,338.5400,333.7000,336.3400,331.8000,18381253
MSFT,2023-07-31,336.9200,337.7000,333.3600,335.9200,331.3800,25446022
MSFT,2023-07-28,333.6700,340.0100,333.1700,338.3700,333.8000,28484900
MSFT,2023-07-27,340.4800,341.3300,329.0500,330.7200,326.2500,39635300
MSFT,2023-07-26,341.4400,344.6700,333.1100,337.7700,333.2100,58383702
MSFT,2023-07-25,347.1100,351.8900,345.0700,350.9800,346.2400,41637739
MSFT,2023-07-24,345.8500,346.9200,342.3100,345.1100,340.4500,26719207
MSFT,2023-07-21,349.1500,350.3000,339.8300,343.7700,339.1300,69405382
MSFT,2023-07-20,353.5700,357.9700,345.3700,346.8700,342.1900,33778400
MSFT,2023-07-19,361.7500,362.4600,352.4400,355.0800,350.2900,39732901
MSFT,2023-07-18,345.8300,366.7800,342.1700,359.4900,354.6400,64872705
MSFT,2023-07-17,345.6800,346.9900,342.2000,345.7300,341.0600,20363927
MSFT,2023-07-14,347.5900,351.4300,344.3100,345.2400,340.5800,28352729
MSFT,2023-07-13,339.5600,343.7400,339.0200,342.6600,338.0300,20567200
MSFT,2023-07-12,336.6000,341.6500,335.6700,337.2000,332.6500,29995300
MSFT,2023-07-11,331.0600,332.8600,327.0000,332.4700,327.9800,26698218
MSFT,2023-07-10,334.6000,335.2300,327.5900,331.8300,327.3500,32791449
MSFT,2023-07-07,339.3200,341.7900,337.0000,337.2200,332.6700,21214824
MSFT,2023-07-06,337.3000,342.9900,335.5000,341.2700,336.6600,28195534
MSFT,2023-07-05,335.0900,341.6500,334.7300,338.1500,333.5800,18172400
MSFT,2023-07-03,339.1900,340.9000,336.5700,337.9900,333.4300,12508700
MSFT,2023-06-30,337.7500,342.7300,337.2000,340.5400,335.9400,26832756
MSFT,2023-06-29,334.7100,336.1100,332.6200,335.0500,330.5300,16997042
MSFT,2023-06-28,334.6600,337.9800,333.8100,335.8500,331.3100,20259523
MSFT,2023-06-27,331.8600,336.1500,329.3000,334.5700,330.0500,24354110
MSFT,2023-06-26,333.7200,336.1100,328.4900,328.6000,324.1600,21520600
MSFT,2023-06-23,334.3600,337.9600,333.4500,335.0200,330.5000,23146901
MSFT,2023-06-22,334.1200,340.1200,333.3400,339.7100,335.1200,23556800
MSFT,2023-06-21,336.3700,337.7300,332.0700,333.5600,329.0600,25117800
MSFT,2023-06-20,339.3100,342.0800,335.8600,338.0500,333.4900,26375407
MSFT,2023-06-16,351.3200,351.4700,341.9500,342.3300,337.7100,46551985
MSFT,2023-06-15,337.4800,349.8400,337.2000,348.1000,343.4000,38899100
MSFT,2023-06-14,334.3400,339.0400,332.8100,337.3400,332.7800,26003800
MSFT,2023-06-13,334.4700,336.9800,330.3900,334.2900,329.7800,22951300
MSFT,2023-06-12,328.5800,332.1000,325.1600,331.8500,327.3700,24306753
MSFT,2023-06-09,324.9900,329.9900,324.4100,326.7900,322.3800,22528950
MSFT,2023-06-08,323.9400,326.6400,323.3500,325.2600,320.8700,23277708
MSFT,2023-06-07,331.6500,334.4900,322.5000,323.3800,319.0100,40717129
MSFT,2023-06-06,335.3300,335.3700,332.1700,333.6800,329.1700,20396223
MSFT,2023-06-05,335.2200,338.5600,334.6600,335.9400,331.4000,21307100
MSFT,2023-06-02,334.2500,337.5000,332.5500,335.4000,330.8700,25873769
MSFT,2023-06-01,325.9300,333.5300,324.7200,332.5800,328.0900,26773900
MSFT,2023-05-31,332.2900,335.9400,327.3300,328.3900,323.9600,45950600
MSFT,2023-05-30,335.2300,335.7400,330.5200,331.2100,326.7400,29503100
MSFT,2023-05-26,324.0200,333.4000,323.8800,332.8900,328.3900,36630633
MSFT,2023-05-25,323.2400,326.9000,320.0000,325.9200,321.5200,43301743
MSFT,2023-05-24,314.7300,316.5000,312.6100,313.8500,309.6100,23384900
MSFT,2023-05-23,320.0300,322.7200,315.2500,315.2600,311.0000,30797200
MSFT,2023-05-22,318.6000,322.5900,318.0100,321.1800,316.8400,24115700
MSFT,2023-05-19,316.7400,318.7500,316.3700,318.3400,314.0400,27546701
MSFT,2023-05-18,314.5300,319.0400,313.7200,318.5200,314.2200,27276000
MSFT,2023-05-17,312.2900,314.4300,310.7400,314.0000,309.7600,24315012
MSFT,2023-05-16,309.8300,313.7100,309.8300,311.7400,306.8600,26730347
MSFT,2023-05-15,309.1000,309.9000,307.5900,309.4600,304.6200,16336547
MSFT,2023-05-12,310.5500,310.6500,306.6000,308.9700,304.1300,19774696
MSFT,2023-05-11,310.1000,311.1200,306.2600,310.1100,305.2600,31680200
MSFT,2023-05-10,308.6200,313.0000,307.6700,312.3100,307.4200,30078044
MSFT,2023-05-09,308.0000,310.0400,306.3100,307.0000,302.1900,21340829
MSFT,2023-05-08,310.1300,310.2000,306.0900,308.6500,303.8200,21318613
MSFT,2023-05-05,305.7200,311.9700,304.2700,310.6500,305.7900,28197052
MSFT,2023-05-04,306.2400,307.7600,303.4000,305.4100,300.6300,22519907
MSFT,2023-05-03,306.6200,308.6100,304.0900,304.4000,299.6300,22360800
MSFT,2023-05-02,307.7600,309.1800,303.9100,305.4100,300.6300,26404431
MSFT,2023-05-01,306.9700,308.6000,305.1500,305.5600,300.7800,21294115
MSFT,2023-04-28,304.0100,308.9300,303.3100,307.2600,302.4500,36469613
MSFT,2023-04-27,295.9700,305.2000,295.2500,304.8300,300.0600,46462638
MSFT,2023-04-26,296.7000,299.5700,292.7300,295.3700,290.7500,64599200
MSFT,2023-04-25,279.5100,281.6000,275.3700,275.4200,271.1100,45772236
MSFT,2023-04-24,282.0900,284.9500,278.7200,281.7700,277.3600,26611014
MSFT,2023-04-21,285.0100,286.2700,283.0600,285.7600,281.2900,21676400
MSFT,2023-04-20,285.2500,289.0300,285.0800,286.1100,281.6300,23244400
MSFT,2023-04-19,285.9900,289.0500,284.5400,288.4500,283.9300,17150300
MSFT,2023-04-18,291.5700,291.7600,287.0100,288.3700,283.8600,20161845
MSFT,2023-04-17,289.9300,291.6000,286.1600,288.8000,284.2800,23836223
MSFT,2023-04-14,287.0000,288.4800,283.6900,286.1400,281.6600,20987917
MSFT,2023-04-13,283.5900,289.9000,283.1700,289.8400,285.3000,24222700
MSFT,2023-04-12,284.7900,287.0100,281.9600,283.4900,279.0500,27403432
MSFT,2023-04-11,285.7500,285.9800,281.6400,282.8300,278.4000,27276600
MSFT,2023-04-10,289.2100,289.6000,284.7100,289.3900,284.8600,23103000
MSFT,2023-04-06,283.2100,292.0800,282.0300,291.6000,287.0300,29770334
MSFT,2023-04-05,285.8500,287.1500,282.9200,284.3400,279.8900,22064800
MSFT,2023-04-04,287.2300,290.4500,285.6700,287.1800,282.6800,25824300
MSFT,2023-04-03,286.5200,288.2700,283.9500,287.2300,282.7300,24883342
MSFT,2023-03-31,283.7300,289.2700,283.0000,288.3000,283.7900,32766000
MSFT,2023-03-30,284.2300,284.4600,281.4800,284.0500,279.6000,25053410
MSFT,2023-03-29,278.9600,281.1400,278.4100,280.5100,276.1200,25087032
MSFT,2023-03-28,275.7900,276.1400,272.0500,275.2300,270.9200,21878647
MSFT,2023-03-27,280.5000,281.4600,275.5200,276.3800,272.0500,26840212
MSFT,2023-03-24,277.2400,280.6300,275.2800,280.5700,276.1800,28199962
MSFT,2023-03-23,277.9400,281.0600,275.2000,277.6600,273.3100,36610900
MSFT,2023-03-22,273.4000,281.0400,272.1800,272.2900,268.0300,34873330
MSFT,2023-03-21,274.8800,275.0000,269.5200,273.7800,269.4900,34558704
MSFT,2023-03-20,276.9800,277.4800,269.8500,272.2300,267.9700,43466649
MSFT,2023-03-17,278.2600,283.3300,276.3200,279.4300,275.0600,69527400
MSFT,2023-03-16,265.2100,276.5600,263.2800,276.2000,271.8800,54832140
MSFT,2023-03-15,259.9800,266.4800,259.2100,265.4400,261.2800,46028047
MSFT,2023-03-14,256.7500,261.0700,255.8600,260.7900,256.7100,33620300
MSFT,2023-03-13,247.4000,257.9100,245.7300,253.9200,249.9400,33339721
MSFT,2023-03-10,251.0800,252.7900,247.6000,248.5900,244.7000,28333930
MSFT,2023-03-09,255.8200,259.5600,251.5800,252.3200,248.3700,26653400
MSFT,2023-03-08,254.0400,254.5400,250.8100,253.7000,249.7300,17340217
MSFT,2023-03-07,256.3000,257.6900,253.3900,254.1500,250.1700,21473200
MSFT,2023-03-06,256.4300,260.1200,255.9800,256.8700,252.8500,24109849
MSFT,2023-03-03,252.1900,255.6200,251.3900,255.2900,251.2900,30760136
MSFT,2023-03-02,246.5500,251.4000,245.6100,251.1100,247.1800,24833646
MSFT,2023-03-01,250.7600,250.9300,245.7900,246.2700,242.4100,27565300
MSFT,2023-02-28,249.0700,251.4900,248.7300,249.4200,245.5200,22491000
MSFT,2023-02-27,252.4600,252.8200,249.3900,250.1600,246.2400,21190042
MSFT,2023-02-24,249.9600,251.0000,248.1000,249.2200,245.3200,24990905
MSFT,2023-02-23,255.5600,256.8400,250.4800,254.7700,250.7800,29219100
MSFT,2023-02-22,254.0900,254.3400,250.3400,251.5100,247.5700,22491100
MSFT,2023-02-21,254.4800,255.4900,251.5900,252.6700,248.7100,28397444
MSFT,2023-02-17,259.3900,260.0900,256.0000,258.0600,254.0200,30000100
MSFT,2023-02-16,264.0200,266.7400,261.9000,262.1500,258.0500,29603616
MSFT,2023-02-15,268.3200,270.7300,266.1800,269.3200,265.1000,28962163
MSFT,2023-02-14,272.6700,274.9700,269.2800,272.1700,267.2400,37047924
MSFT,2023-02-13,267.6400,274.6000,267.1500,271.3200,266.4100,44630921
MSFT,2023-02-10,261.5300,264.0900,260.6600,263.1000,258.3300,25818500
MSFT,2023-02-09,273.8000,273.9800,262.8000,263.6200,258.8400,42375102
MSFT,2023-02-08,273.2000,276.7600,266.2100,266.7300,261.9000,54686049
MSFT,2023-02-07,260.5300,268.7700,260.0800,267.5600,262.7100,50841400
MSFT,2023-02-06,257.4400,258.3000,254.7800,256.7700,252.1200,22518000
MSFT,2023-02-03,259.5400,264.2000,257.1000,258.3500,253.6700,29077300
MSFT,2023-02-02,258.8200,264.6900,257.2500,264.6000,259.8100,39940437
MSFT,2023-02-01,248.0000,255.1800,245.4700,252.7500,248.1700,31259912
MSFT,2023-01-31,243.4500,247.9500,242.9500,247.8100,243.3200,26541100
MSFT,2023-01-30,244.5100,245.6000,242.2000,242.7100,238.3100,25867400
MSFT,2023-01-27,248.9900,249.8300,246.8300,248.1600,243.6600,26498939
MSFT,2023-01-26,243.6500,248.3100,242.0000,248.0000,243.5100,33454500
MSFT,2023-01-25,234.4800,243.3000,230.9000,240.6100,236.2500,66526641
MSFT,2023-01-24,242.5000,243.9500,240.4400,242.0400,237.6600,40234444
MSFT,2023-01-23,241.1000,245.1700,239.6500,242.5800,238.1900,31934000
MSFT,2023-01-20,234.8600,240.7400,234.5100,240.2200,235.8700,35389809
MSFT,2023-01-19,233.7800,235.5200,230.6800,231.9300,227.7300,28623033
MSFT,2023-01-18,241.5700,242.3800,235.5200,235.8100,231.5400,30028700
MSFT,2023-01-17,237.9700,240.9100,237.0900,240.3500,236.0000,29831300
MSFT,2023-01-13,237.0000,239.3700,234.9200,239.2300,234.9000,21333300
MSFT,2023-01-12,235.2600,239.9000,233.5600,238.5100,234.1900,27269500
MSFT,2023-01-11,231.2900,235.9500,231.1100,235.7700,231.5000,28669331
MSFT,2023-01-10,227.7600,231.3100,227.3300,228.8500,224.7000,27033900
MSFT,2023-01-09,226.4500,231.2400,226.4100,227.1200,223.0100,27369800
MSFT,2023-01-06,223.0000,225.7600,219.3500,224.9300,220.8600,43613600
MSFT,2023-01-05,227.2000,227.5500,221.7600,222.3100,218.2800,39585623
MSFT,2023-01-04,232.2800,232.8700,225.9600,229.1000,224.9500,50623400
MSFT,2023-01-03,243.0800,245.7500,237.4000,239.5800,235.2400,25740036
MSFT,2022-12-30,238.2100,239.9600,236.6600,239.8200,235.4800,21938500
MSFT,2022-12-29,235.6500,241.9200,235.6500,241.0100,236.6400,19770700
MSFT,2022-12-28,236.8900,239.7200,234.1700,234.5300,230.2800,17457104
MSFT,2022-12-27,238.7000,238.9300,235.8300,236.9600,232.6700,16688648
MSFT,2022-12-23,236.1100,238.8700,233.9400,238.7300,234.4100,21207000
MSFT,2022-12-22,241.2600,241.9900,233.8700,238.1900,233.8800,28651700
MSFT,2022-12-21,241.6900,245.6200,240.1100,244.4300,240.0000,23690607
MSFT,2022-12-20,239.4000,242.9100,238.4200,241.8000,237.4200,25150802
MSFT,2022-12-19,244.8600,245.2100,238.7100,240.4500,236.0900,29696436
MSFT,2022-12-16,248.5500,249.8400,243.5100,244.6900,240.2600,86102000
MSFT,2022-12-15,253.7200,254.2000,247.3400,249.0100,244.5000,35568093
MSFT,2022-12-14,257.1300,262.5900,254.3100,257.2200,252.5600,35410933
MSFT,2022-12-13,261.6900,263.9200,253.0700,256.9200,252.2700,42196900
MSFT,2022-12-12,247.4500,252.5400,247.1700,252.5100,247.9400,30665100
MSFT,2022-12-09,244.7000,248.3100,244.1600,245.4200,240.9700,20609743
MSFT,2022-12-08,244.8400,248.7400,243.0600,247.4000,242.9200,22611800
MSFT,2022-12-07,244.8300,246.1600,242.2100,244.3700,239.9400,20481522
MSFT,2022-12-06,250.8200,251.8600,243.7800,245.1200,240.6800,22463727
MSFT,2022-12-05,252.0100,253.8200,248.0600,250.2000,245.6700,23435300
MSFT,2022-12-02,249.8200,256.0600,249.6900,255.0200,250.4000,21528520
MSFT,2022-12-01,253.8700,256.1200,250.9200,254.6900,250.0800,26041524
MSFT,2022-11-30,240.5700,255.3300,239.8600,255.1400,250.5200,47594239
MSFT,2022-11-29,241.4000,242.7900,238.2100,240.3300,235.9800,17956313
MSFT,2022-11-28,246.0800,246.6500,240.8000,241.7600,237.3800,24810271
MSFT,2022-11-25,247.3100,248.7000,246.7300,247.4900,243.0100,9200800
MSFT,2022-11-23,245.1100,248.2800,244.2700,247.5800,243.1000,19508500
MSFT,2022-11-22,243.5900,245.3100,240.7100,245.0300,240.5900,19665700
MSFT,2022-11-21,241.4300,244.6700,241.1900,242.0500,237.6700,26394700
MSFT,2022-11-18,243.5100,243.7400,239.0300,241.2200,236.8500,27613523
MSFT,2022-11-17,237.7800,243.2500,237.6300,241.6800,237.3000,23123544
MSFT,2022-11-16,242.7900,243.8000,240.4200,241.7300,237.3500,24093300
MSFT,2022-11-15,245.6600,247.0000,240.0300,241.9700,236.9200,31390117
MSFT,2022-11-14,241.9900,243.9100,239.2100,241.5500,236.5100,31123340
MSFT,2022-11-11,242.9900,247.9900,241.9300,247.1100,241.9500,34620246
MSFT,2022-11-10,235.4300,243.3300,235.0000,242.9800,237.9100,46268021
MSFT,2022-11-09,227.3700,228.6300,224.3300,224.5100,219.8200,27852910
MSFT,2022-11-08,228.7000,231.6500,225.8400,228.8700,224.0900,28192548
MSFT,2022-11-07,221.9900,228.4100,221.2800,227.8700,223.1100,33498000
MSFT,2022-11-04,217.5500,221.5900,213.4300,221.3900,216.7700,36789100
MSFT,2022-11-03,220.0900,220.4100,213.9800,214.2500,209.7800,36633922
MSFT,2022-11-02,229.4600,231.3000,220.0400,220.1000,215.5100,38407008
MSFT,2022-11-01,234.6000,235.7400,227.3300,228.1700,223.4100,30592300
MSFT,2022-10-31,233.7600,234.9200,231.1500,232.1300,227.2800,28357300
MSFT,2022-10-28,226.2400,236.6000,226.0500,235.8700,230.9500,40647724
MSFT,2022-10-27,231.0400,233.6900,225.7800,226.7500,222.0200,40424645
MSFT,2022-10-26,231.1700,238.3000,230.0600,231.3200,226.4900,82684846
MSFT,2022-10-25,247.2600,251.0400,245.8300,250.6600,245.4300,34775505
MSFT,2022-10-24,243.7600,247.8400,241.3000,247.2500,242.0900,24911212
MSFT,2022-10-21,234.7400,243.0000,234.5000,242.1200,237.0700,26299733
MSFT,2022-10-20,235.7700,241.3100,234.8700,236.1500,231.2200,21811015
MSFT,2022-10-19,237.0400,239.6100,234.2900,236.4800,231.5400,19985700
MSFT,2022-10-18,243.2400,243.9300,235.3700,238.5000,233.5200,26329600
MSFT,2022-10-17,235.8200,238.9600,235.1400,237.5300,232.5700,28142300
MSFT,2022-10-14,235.5400,237.2400,228.3400,228.5600,223.7900,30198600
MSFT,2022-10-13,219.8500,236.1000,219.1300,234.2400,229.3500,42551818
MSFT,2022-10-12,225.4000,227.8600,223.9600,225.7500,221.0400,21903937
MSFT,2022-10-11,227.6200,229.0600,224.1100,225.4100,220.7000,30474000
MSFT,2022-10-10,233.0500,234.5600,226.7300,229.2500,224.4600,29743608
MSFT,2022-10-07,240.9000,241.3200,233.1700,234.2400,229.3500,37769602
MSFT,2022-10-06,247.9300,250.3400,246.0800,246.7900,241.6400,20239900
MSFT,2022-10-05,245.9900,250.5800,244.1000,249.2000,244.0000,20347136
MSFT,2022-10-04,245.0900,250.3600,244.9800,248.8800,243.6800,34888416
MSFT,2022-10-03,235.4100,241.6100,234.6600,240.7400,235.7100,28880400
MSFT,2022-09-30,238.2900,240.5400,232.7300,232.9000,228.0400,35694832
MSFT,2022-09-29,238.8900,239.9500,234.4100,237.5000,232.5400,27484233
MSFT,2022-09-28,236.8100,242.3300,234.7300,241.0700,236.0400,29029700
MSFT,2022-09-27,239.9800,241.8000,234.5000,236.4100,231.4800,27018732
MSFT,2022-09-26,237.0500,241.4500,236.9000,237.4500,232.4900,27694200
MSFT,2022-09-23,239.5400,241.1300,235.2000,237.9200,232.9500,34176048
MSFT,2022-09-22,237.8700,243.8600,237.5700,240.9800,235.9500,31061200
MSFT,2022-09-21,244.2700,247.6600,238.9000,238.9500,233.9600,28625600
MSFT,2022-09-20,242.0700,243.5100,239.6400,242.4500,237.3900,26660300
MSFT,2022-09-19,242.4700,245.1400,240.8500,244.5200,239.4200,26826931
MSFT,2022-09-16,244.2600,245.3000,242.0600,244.7400,239.6300,39791800
MSFT,2022-09-15,249.7700,251.4000,244.0200,245.3800,240.2600,31530948
MSFT,2022-09-14,253.5300,254.2300,249.8600,252.2200,246.9600,23913000
MSFT,2022-09-13,258.8400,260.4000,251.5900,251.9900,246.7300,33353318
MSFT,2022-09-12,265.7800,267.4500,265.1600,266.6500,261.0800,18747700
MSFT,2022-09-09,260.5000,265.2300,260.2900,264.4600,258.9400,22093190
MSFT,2022-09-08,257.5100,260.4300,254.7900,258.5200,253.1200,20319911
MSFT,2022-09-07,254.7000,258.8300,253.2200,258.0900,252.7000,24126700
MSFT,2022-09-06,256.2000,257.8300,251.9400,253.2500,247.9600,21328242
MSFT,2022-09-02,261.7000,264.7400,254.4700,256.0600,250.7100,22855400
MSFT,2022-09-01,258.8700,260.8900,255.4100,260.4000,254.9600,23263431
MSFT,2022-08-31,265.3900,267.1100,261.3300,261.4700,256.0100,24791834
MSFT,2022-08-30,266.6700,267.0500,260.6600,262.9700,257.4800,22767100
MSFT,2022-08-29,265.8500,267.4000,263.8500,265.2300,259.6900,20338544
MSFT,2022-08-26,279.0800,280.3400,267.9800,268.0900,262.4900,27549307
MSFT,2022-08-25,277.3300,279.0200,274.5200,278.8500,273.0300,16583407
MSFT,2022-08-24,275.4100,277.2300,275.1100,275.7900,270.0300,18137019
MSFT,2022-08-23,276.4400,278.8600,275.4000,276.4400,270.6700,17527409
MSFT,2022-08-22,282.0800,282.4600,277.2200,277.7500,271.9500,25061100
MSFT,2022-08-19,288.9000,289.2500,285.5600,286.1500,280.1800,20570033
MSFT,2022-08-18,290.1900,291.9100,289.0800,290.1700,284.1100,17186200
MSFT,2022-08-17,289.7400,293.3500,289.4700,291.3200,285.2400,18253400
MSFT,2022-08-16,291.9900,294.0400,290.4200,292.7100,285.9900,18102900
MSFT,2022-08-15,291.0000,294.1800,290.1100,293.4700,286.7400,18085700
MSFT,2022-08-12,288.4800,291.9100,286.9400,291.9100,285.2100,22619700
MSFT,2022-08-11,290.8500,291.2100,286.5100,287.0200,280.4300,20065938
MSFT,2022-08-10,288.1700,289.8100,286.9400,289.1600,282.5200,24687845
MSFT,2022-08-09,279.6400,283.0800,277.6100,282.3000,275.8200,23405238
MSFT,2022-08-08,284.0500,285.9200,279.3200,280.3200,273.8900,18757818
MSFT,2022-08-05,279.1500,283.6500,278.6800,282.9100,276.4200,16774606
MSFT,2022-08-04,281.8000,283.8000,280.1700,283.6500,277.1400,18098700
MSFT,2022-08-03,276.7600,283.5000,276.6100,282.4700,275.9900,23518900
MSFT,2022-08-02,276.0000,277.8900,272.3800,274.8200,268.5100,22754200
MSFT,2022-08-01,277.8200,281.2800,275.8400,278.0100,271.6300,21539600
MSFT,2022-07-29,277.7000,282.0000,276.6300,280.7400,274.3000,32152800
MSFT,2022-07-28,269.7500,277.8400,267.8700,276.4100,270.0700,33459327
MSFT,2022-07-27,261.1600,270.0500,258.8500,268.7400,262.5700,45994049
MSFT,2022-07-26,259.8600,259.8800,249.5700,251.9000,246.1200,39348000
MSFT,2022-07-25,261.0000,261.5000,256.8100,258.8300,252.8900,21056000
MSFT,2022-07-22,265.2400,265.3300,259.0700,260.3600,254.3900,21881300
MSFT,2022-07-21,259.7900,264.8900,257.0300,264.8400,258.7600,22404700
MSFT,2022-07-20,259.9000,264.8700,258.9100,262.2700,256.2500,22788300
MSFT,2022-07-19,257.5800,259.7200,253.6800,259.5300,253.5700,25012600
MSFT,2022-07-18,259.7500,260.8400,253.3000,254.2500,248.4200,20975034
MSFT,2022-07-15,255.7200,260.3700,254.7700,256.7200,250.8300,29774100
MSFT,2022-07-14,250.5700,255.1400,245.9400,254.0800,248.2500,25102823
MSFT,2022-07-13,250.1900,253.5500,248.1100,252.7200,246.9200,29497423
MSFT,2022-07-12,265.8800,265.9400,252.0400,253.6700,247.8500,35868500
MSFT,2022-07-11,265.6500,266.5300,262.1800,264.5100,258.4400,19519108
MSFT,2022-07-08,264.7900,268.1000,263.2900,267.6600,261.5200,19658800
MSFT,2022-07-07,265.1200,269.0600,265.0200,268.4000,262.2400,20859900
MSFT,2022-07-06,263.7500,267.9900,262.4000,266.2100,260.1000,23824419
MSFT,2022-07-05,256.1600,262.9800,254.7400,262.8500,256.8200,22971634
MSFT,2022-07-01,256.3900,259.7700,254.6100,259.5800,253.6200,22837700
MSFT,2022-06-30,257.0500,259.5300,252.9000,256.8300,250.9400,31730900
MSFT,2022-06-29,257.5900,261.9700,255.7600,260.2600,254.2900,20069839
MSFT,2022-06-28,263.9800,266.9100,256.3200,256.4800,250.5900,27380247
MSFT,2022-06-27,268.2100,268.3000,263.2800,264.8900,258.8100,24615114
MSFT,2022-06-24,261.8100,267.9800,261.7200,267.7000,261.5600,33923231
MSFT,2022-06-23,255.5700,259.3700,253.6300,258.8600,252.9200,25861449
MSFT,2022-06-22,251.8900,257.1700,250.3700,253.1300,247.3200,25961215
MSFT,2022-06-21,250.2600,254.7500,249.5100,253.7400,247.9200,29928300
MSFT,2022-06-17,244.7000,250.5000,244.0300,247.6500,241.9700,43084800
MSFT,2022-06-16,245.9800,247.4200,243.0200,244.9700,239.3500,33169200
MSFT,2022-06-15,248.3100,255.3000,246.4200,251.7600,245.9800,33111729
MSFT,2022-06-14,243.8600,245.7400,241.5100,244.4900,238.8800,28651500
MSFT,2022-06-13,245.1100,249.0200,241.5300,242.2600,236.7000,46135800
MSFT,2022-06-10,260.5800,260.5800,252.5300,252.9900,247.1800,31445841
MSFT,2022-06-09,267.7800,272.7100,264.6300,264.7900,258.7100,26439728
MSFT,2022-06-08,271.7100,273.0000,269.6100,270.4100,264.2000,17372341
MSFT,2022-06-07,266.6400,273.1300,265.9400,272.5000,266.2500,22860700
MSFT,2022-06-06,272.0600,274.1800,267.2200,268.7500,262.5800,22400342
MSFT,2022-06-03,270.3100,273.4500,268.4100,270.0200,263.8200,28059000
MSFT,2022-06-02,264.4500,274.6500,261.6000,274.5800,268.2800,44008209
MSFT,2022-06-01,275.2000,277.6900,270.0400,272.4200,266.1700,25292200
MSFT,2022-05-31,272.5300,274.7700,268.9300,271.8700,265.6300,37827700
MSFT,2022-05-27,268.4800,273.3400,267.5600,273.2400,266.9700,26910806
MSFT,2022-05-26,262.2700,267.1100,261.4300,265.9000,259.8000,25002105
MSFT,2022-05-25,258.1400,264.5800,257.1300,262.5200,256.5000,28547947
MSFT,2022-05-24,257.8900,261.3300,253.5000,259.6200,253.6600,29043904
MSFT,2022-05-23,255.4900,261.5000,253.4300,260.6500,254.6700,33175400
MSFT,2022-05-20,257.2400,258.5400,246.4400,252.5600,246.7600,39199300
MSFT,2022-05-19,253.9000,257.6700,251.8800,253.1400,247.3300,32692300
MSFT,2022-05-18,263.0000,263.6000,252.7700,254.0800,248.2500,31356000
MSFT,2022-05-17,266.1100,268.3300,262.4600,266.8200,260.0900,28828800
MSFT,2022-05-16,259.9600,265.8200,255.7800,261.5000,254.9100,32550933
MSFT,2022-05-13,257.3500,263.0400,255.3500,261.1200,254.5300,34925100
MSFT,2022-05-12,257.6900,259.8800,250.0200,255.3500,248.9100,51033802
MSFT,2022-05-11,265.6800,271.3600,259.3000,260.5500,253.9800,48975900
MSFT,2022-05-10,271.6900,273.7500,265.0700,269.5000,262.7000,39336424
MSFT,2022-05-09,270.0600,272.3600,263.3200,264.5800,257.9100,47726000
MSFT,2022-05-06,274.8100,279.2500,271.2700,274.7300,267.8000,37780322
MSFT,2022-05-05,285.5400,286.3500,274.3400,277.3500,270.3600,43260400
MSFT,2022-05-04,282.5900,290.8800,276.7300,289.9800,282.6700,33599320
MSFT,2022-05-03,283.9600,284.1300,280.1500,281.7800,274.6700,25978605
MSFT,2022-05-02,277.7100,284.9400,276.2200,284.4700,277.3000,35151105
MSFT,2022-04-29,288.6100,289.8800,276.5000,277.5200,270.5200,37073923
MSFT,2022-04-28,285.1900,290.9800,281.4600,289.6300,282.3300,33646600
MSFT,2022-04-27,282.1000,290.9700,279.1600,283.2200,276.0800,63477700
MSFT,2022-04-26,277.5000,278.3600,270.0000,270.2200,263.4100,46518445
MSFT,2022-04-25,273.2900,281.1100,270.7700,280.7200,273.6400,35678900
MSFT,2022-04-22,281.6800,283.2000,273.3800,274.0300,267.1200,29405800
MSFT,2022-04-21,288.5800,293.3000,280.0600,280.8100,273.7300,29454600
MSFT,2022-04-20,289.4000,289.7000,285.3700,286.3600,279.1400,22906700
MSFT,2022-04-19,279.3800,286.1700,278.4100,285.3000,278.1100,22297720
MSFT,2022-04-18,278.9100,282.4600,278.3400,280.5200,273.4500,20778000
MSFT,2022-04-14,288.0900,288.3100,279.3200,279.8300,272.7700,28221607
MSFT,2022-04-13,282.7300,288.5800,281.3000,287.6200,280.3700,21907200
MSFT,2022-04-12,289.2400,290.7400,280.4900,282.0600,274.9500,30966721
MSFT,2022-04-11,291.7900,292.6100,285.0000,285.2600,278.0700,34569300
MSFT,2022-04-08,300.4400,301.1200,296.2800,296.9700,289.4800,24361917
MSFT,2022-04-07,296.6600,303.6500,296.3500,301.3700,293.7700,31411200
MSFT,2022-04-06,305.1900,307.0000,296.7100,299.5000,291.9500,40110400
MSFT,2022-04-05,313.2700,314.8700,309.8700,310.8800,303.0400,23156719
MSFT,2022-04-04,310.0900,315.1100,309.7100,314.9700,307.0300,24335868
MSFT,2022-04-01,309.3700,310.1300,305.5400,309.4200,301.6200,27110529
MSFT,2022-03-31,313.9000,315.1400,307.8900,308.3100,300.5300,33422100
MSFT,2022-03-30,313.7600,315.9500,311.5800,313.8600,305.9400,28163600
MSFT,2022-03-29,313.9100,315.8200,309.0500,315.4100,307.4600,30393403
MSFT,2022-03-28,304.3300,310.8000,304.3300,310.7000,302.8600,29578200
MSFT,2022-03-25,305.2300,305.5000,299.2900,303.6800,296.0200,22566500
MSFT,2022-03-24,299.1400,304.2000,298.3200,304.1000,296.4300,24484500
MSFT,2022-03-23,300.5100,303.2300,297.7200,299.4900,291.9400,25715400
MSFT,2022-03-22,299.8000,305.0000,298.7700,304.0600,296.3900,27599700
MSFT,2022-03-21,298.8900,300.1400,294.9000,299.1600,291.6200,28351245
MSFT,2022-03-18,295.3700,301.0000,292.7300,300.4300,292.8500,43390625
MSFT,2022-03-17,293.2900,295.6100,289.3700,295.2200,287.7700,30816633
MSFT,2022-03-16,289.1100,294.5700,283.2000,294.3900,286.9700,37826329
MSFT,2022-03-15,280.3500,287.8200,278.7300,287.1500,279.9100,34245100
MSFT,2022-03-14,280.3400,285.4000,275.8200,276.4400,269.4700,30660747
MSFT,2022-03-11,287.9600,289.5100,279.4300,280.0700,273.0100,27209330
MSFT,2022-03-10,283.0200,286.6000,280.5800,285.5900,278.3900,30628012
MSFT,2022-03-09,283.4400,289.6000,280.7800,288.5000,281.2200,35204500
MSFT,2022-03-08,277.8000,283.9600,270.0000,275.8500,268.8900,48159500
MSFT,2022-03-07,288.5300,289.6900,278.5300,278.9100,271.8800,43157200
MSFT,2022-03-04,294.2900,295.6600,287.1700,289.8600,282.5500,32369655
MSFT,2022-03-03,302.8900,303.1300,294.0500,295.9200,288.4600,27314500
MSFT,2022-03-02,295.3600,301.4700,293.7000,300.1900,292.6200,31873007
MSFT,2022-03-01,296.4000,299.9700,292.1500,294.9500,287.5100,31217800
MSFT,2022-02-28,294.3100,299.1400,293.0000,298.7900,291.2500,34627500
MSFT,2022-02-25,295.1400,297.6300,291.6500,297.3100,289.8100,32546721
MSFT,2022-02-24,272.5100,295.1600,271.5200,294.5900,287.1600,56989700
MSFT,2022-02-23,290.1800,291.7000,280.1000,280.2700,273.2000,37811200
MSFT,2022-02-22,285.0000,291.5400,284.5000,287.7200,280.4600,41736117
MSFT,2022-02-18,293.0500,293.8600,286.3100,287.9300,280.6700,34264008
MSFT,2022-02-17,296.3600,296.8000,290.0000,290.7300,283.4000,32461600
MSFT,2022-02-16,298.3700,300.8700,293.6800,299.5000,291.9500,29982121
MSFT,2022-02-15,300.0100,300.8000,297.0200,300.4700,292.2900,27379488
MSFT,2022-02-14,293.7700,296.7600,291.3500,295.0000,286.9700,36359500
MSFT,2022-02-11,303.1900,304.2900,294.2200,295.0400,287.0100,39175620
MSFT,2022-02-10,304.0400,309.1200,300.7000,302.3800,294.1500,45386200
MSFT,2022-02-09,309.8700,311.9300,307.3900,311.2100,302.7400,31284700
MSFT,2022-02-08,301.2500,305.5600,299.9500,304.5600,296.2700,32421200
MSFT,2022-02-07,306.1700,307.8400,299.9000,300.9500,292.7600,28533300
MSFT,2022-02-04,300.2100,308.8000,299.9700,305.9400,297.6100,35096500
MSFT,2022-02-03,309.4900,311.2300,299.9600,301.2500,293.0500,43730000
MSFT,2022-02-02,309.6300,315.1200,308.8800,313.4600,304.9200,36636000
MSFT,2022-02-01,310.4100,310.6300,305.1300,308.7600,300.3500,40950400
MSFT,2022-01-31,308.9500,312.3800,306.3700,310.9800,302.5100,46444536
MSFT,2022-01-28,300.2300,308.4800,294.4500,308.2600,299.8700,49743700
MSFT,2022-01-27,302.6600,307.3000,297.9300,299.8400,291.6800,53481317
MSFT,2022-01-26,307.9900,308.5000,293.0300,296.7100,288.6300,90428900
MSFT,2022-01-25,291.5200,294.9900,285.1700,288.4900,280.6300,72848638
MSFT,2022-01-24,292.2000,297.1100,276.0500,296.3700,288.3000,86035393
MSFT,2022-01-21,302.6900,304.1100,295.6100,296.0300,287.9700,57984403
MSFT,2022-01-20,309.0700,311.6500,301.1400,301.6000,293.3900,35380700
MSFT,2022-01-19,306.2900,313.9100,302.7000,303.3300,295.0700,45933900
MSFT,2022-01-18,304.0700,309.8000,301.7400,302.6500,294.4100,42434112
MSFT,2022-01-14,304.2500,310.8200,303.7500,310.2000,301.7500,39846414
MSFT,2022-01-13,320.4700,320.8800,304.0000,304.8000,296.5000,45366000
MSFT,2022-01-12,319.6700,323.4100,317.0800,318.2700,309.6000,34372217
MSFT,2022-01-11,313.3800,316.6100,309.8900,314.9800,306.4000,29386800
MSFT,2022-01-10,309.4900,314.7200,304.6900,314.2700,305.7100,44289500
MSFT,2022-01-07,314.1500,316.5000,310.0900,314.0400,305.4900,32720018
MSFT,2022-01-06,313.1500,318.7000,311.4900,313.8800,305.3300,39646148
MSFT,2022-01-05,325.8600,326.0700,315.9800,316.3800,307.7700,40054327
MSFT,2022-01-04,334.8300,335.2000,326.1200,329.0100,320.0500,32674306
MSFT,2022-01-03,335.3500,338.0000,329.7800,334.7500,325.6300,28918013
MSFT,2021-12-31,338.5100,339.3600,335.8500,336.3200,327.1600,18000800
MSFT,2021-12-30,341.9100,343.1300,338.8200,339.3200,330.0800,15994500
MSFT,2021-12-29,341.3000,344.3000,339.6800,341.9500,332.6400,15042000
MSFT,2021-12-28,343.1500,343.8100,340.3200,341.2500,331.9600,15661500
MSFT,2021-12-27,335.4600,342.4800,335.4300,342.4500,333.1300,19947029
MSFT,2021-12-23,332.7500,336.3900,332.7300,334.6900,325.5800,19617848
MSFT,2021-12-22,328.3000,333.6100,325.7500,333.2000,324.1300,24831500
MSFT,2021-12-21,323.2900,327.7300,319.8000,327.2900,318.3800,24740600
MSFT,2021-12-20,320.0500,322.8000,317.5700,319.9100,311.2000,28326532
MSFT,2021-12-17,320.8800,324.9200,317.2500,323.8000,314.9800,47983713
MSFT,2021-12-16,335.7100,336.7600,323.0200,324.9000,316.0500,35034831
MSFT,2021-12-15,328.6100,335.1900,324.5000,334.6500,325.5400,35381122
MSFT,2021-12-14,333.2200,334.6400,324.1100,328.3400,319.4000,44438700
MSFT,2021-12-13,340.6800,343.7900,339.0800,339.4000,330.1600,28899431
MSFT,2021-12-10,334.9800,343.0000,334.7900,342.5400,333.2100,38095700
MSFT,2021-12-09,334.4100,336.4900,332.1200,333.1000,324.0300,22214200
MSFT,2021-12-08,335.3100,335.5000,330.8000,334.9700,325.8500,24761000
MSFT,2021-12-07,331.6400,335.8000,330.1000,334.9200,325.8000,31021936
MSFT,2021-12-06,323.9500,327.4500,319.2300,326.1900,317.3100,30032600
MSFT,2021-12-03,331.9900,332.7000,318.0300,323.0100,314.2100,41779300
MSFT,2021-12-02,330.3000,333.4900,327.8000,329.4900,320.5200,30766000
MSFT,2021-12-01,335.1300,339.2800,329.3900,330.0800,321.0900,33401146
MSFT,2021-11-30,335.3200,337.7800,328.9900,330.5900,321.5900,42885609
MSFT,2021-11-29,334.9400,339.0300,334.7400,336.6300,327.4600,28563500
MSFT,2021-11-26,334.3500,337.9300,328.1200,329.6800,320.7000,24217242
MSFT,2021-11-24,336.2800,338.1600,333.9100,337.9100,328.7100,21661307
MSFT,2021-11-23,337.0500,339.4500,333.5600,337.6800,328.4900,30427600
MSFT,2021-11-22,344.6200,349.6700,339.5500,339.8300,330.5800,31031113
MSFT,2021-11-19,342.6400,345.1000,342.2000,343.1100,333.7700,21963403
MSFT,2021-11-18,338.1800,342.4500,337.1200,341.2700,331.9800,22463533
MSFT,2021-11-17,338.9400,342.1900,338.0000,339.1200,329.8900,19053400
MSFT,2021-11-16,335.6800,340.6700,335.5100,339.5100,329.6600,20886832
MSFT,2021-11-15,337.5400,337.8800,334.0300,336.0700,326.3200,16723009
MSFT,2021-11-12,333.9200,337.2300,333.7900,336.7200,326.9500,23831049
MSFT,2021-11-11,331.2500,333.7700,330.5100,332.4300,322.7900,16849844
MSFT,2021-11-10,334.5700,334.6300,329.9200,330.8000,321.2000,25500938
MSFT,2021-11-09,337.1100,338.7200,334.5300,335.9500,326.2100,21307400
MSFT,2021-11-08,337.3000,337.6500,334.4400,336.9900,327.2200,20897001
MSFT,2021-11-05,338.5100,338.7900,334.4200,336.0600,326.3100,22570100
MSFT,2021-11-04,332.8900,336.5400,329.5100,336.4400,326.6800,23992202
MSFT,2021-11-03,333.9000,334.9000,330.6500,334.0000,324.3100,21500100
MSFT,2021-11-02,330.3100,333.4500,330.0000,333.1300,323.4700,26487109
MSFT,2021-11-01,331.3600,331.4900,326.3700,329.3700,319.8200,27073200
MSFT,2021-10-29,324.1300,332.0000,323.9000,331.6200,322.0000,34766000
MSFT,2021-10-28,324.3300,324.8700,321.3600,324.3500,314.9400,26297943
MSFT,2021-10-27,316.0000,326.1000,316.0000,323.1700,313.8000,52588700
MSFT,2021-10-26,311.0000,312.4000,308.6000,310.1100,301.1100,28107349
MSFT,2021-10-25,309.3600,309.4000,306.4600,308.1300,299.1900,17554500
MSFT,2021-10-22,310.4000,311.0900,307.8000,309.1600,300.1900,17449332
MSFT,2021-10-21,307.1700,311.0200,306.3600,310.7600,301.7500,16918100
MSFT,2021-10-20,309.2100,309.7000,306.1100,307.4100,298.4900,16537100
MSFT,2021-10-19,308.3500,309.3000,307.2200,308.2300,299.2900,17682139
MSFT,2021-10-18,303.5700,308.2100,302.6900,307.2900,298.3800,22729300
MSFT,2021-10-15,302.3400,304.4500,300.5200,304.2100,295.3900,25384803
MSFT,2021-10-14,299.2100,303.2700,297.8300,302.7500,293.9700,27262902
MSFT,2021-10-13,294.9100,297.2800,293.4900,296.3100,287.7200,23424025
MSFT,2021-10-12,295.3400,295.4400,292.3500,292.8800,284.3800,17974143
MSFT,2021-10-11,292.9200,297.9700,292.7500,294.2300,285.7000,19298634
MSFT,2021-10-08,296.2200,296.6400,293.7600,294.8500,286.3000,17685700
MSFT,2021-10-07,295.1800,296.6400,293.9200,294.8500,286.3000,20430500
MSFT,2021-10-06,285.7800,293.6300,285.5100,293.1100,284.6100,28002600
MSFT,2021-10-05,284.0500,290.4000,284.0500,288.7600,280.3800,24993024
MSFT,2021-10-04,287.4000,287.7500,280.2500,283.1100,274.9000,31350747
MSFT,2021-10-01,282.1200,289.9800,281.2900,289.1000,280.7100,30086300
MSFT,2021-09-30,285.7100,287.8300,281.6200,281.9200,273.7400,32343635
MSFT,2021-09-29,285.1000,286.7700,283.0100,284.0000,275.7600,26353700
MSFT,2021-09-28,289.8000,290.7800,282.7500,283.5200,275.3000,43186237
MSFT,2021-09-27,296.1400,296.4700,292.9400,294.1700,285.6400,23571742
MSFT,2021-09-24,298.2300,299.8000,296.9300,299.3500,290.6700,14999000
MSFT,2021-09-23,298.8500,300.9000,297.5300,299.5600,290.8700,18604601
MSFT,2021-09-22,296.7300,300.2200,294.5100,298.5800,289.9200,26626342
MSFT,2021-09-21,295.6900,297.5400,294.0700,294.8000,286.2500,22364103
MSFT,2021-09-20,296.3300,298.7200,289.5200,294.3000,285.7600,38278700
MSFT,2021-09-17,304.1700,304.5000,299.5300,299.8700,291.1700,41372500
MSFT,2021-09-16,303.7600,305.3100,300.7600,305.2200,296.3700,19550815
MSFT,2021-09-15,303.2600,305.3200,301.8200,304.8200,295.9800,28356304
MSFT,2021-09-14,299.5600,301.3900,298.1000,299.7900,291.0900,21853433
MSFT,2021-09-13,297.5500,298.5400,294.0800,296.9900,288.3800,23652949
MSFT,2021-09-10,298.4200,299.9200,295.3800,295.7100,287.1300,19633400
MSFT,2021-09-09,300.8200,302.1400,297.0000,297.2500,288.6300,19927000
MSFT,2021-09-08,299.7800,300.6100,297.4700,300.2100,291.5000,15046819
MSFT,2021-09-07,301.0100,301.0900,298.2000,300.1800,291.4700,17184083
MSFT,2021-09-03,300.9900,302.6000,300.2600,301.1400,292.4100,14751610
MSFT,2021-09-02,302.2000,303.3600,300.1800,301.1500,292.4100,16290545
MSFT,2021-09-01,302.8700,305.1900,301.4900,301.8300,293.0800,18983826
MSFT,2021-08-31,304.4200,304.5000,301.5000,301.8800,293.1200,26285338
MSFT,2021-08-30,301.1200,304.2200,301.0600,303.5900,294.7800,16348100
MSFT,2021-08-27,298.9900,300.8700,296.8300,299.7200,291.0300,22605726
MSFT,2021-08-26,300.9900,302.4300,298.9500,299.0900,290.4100,17666100
MSFT,2021-08-25,304.3000,304.5900,300.4200,302.0100,293.2500,20006100
MSFT,2021-08-24,305.0200,305.6500,302.0000,302.6200,293.8400,18175800
MSFT,2021-08-23,303.2500,305.4000,301.8500,304.6500,295.8100,22830200
MSFT,2021-08-20,299.7200,305.8400,298.0600,304.3600,295.5300,40817646
MSFT,2021-08-19,288.6900,297.4700,288.6400,296.7700,288.1600,29850500
MSFT,2021-08-18,292.0400,294.8200,290.2700,290.7300,282.3000,21813000
MSFT,2021-08-17,292.3900,293.4300,291.0800,293.0800,284.0400,20075300
MSFT,2021-08-16,293.1900,294.8200,290.0200,294.6000,285.5100,22516027
MSFT,2021-08-13,289.4800,292.9000,289.3000,292.8500,283.8100,18249046
MSFT,2021-08-12,286.6300,289.9700,286.3400,289.8100,280.8700,14570391
MSFT,2021-08-11,287.2100,288.6600,285.8600,286.9500,278.0900,13955934
MSFT,2021-08-10,288.8000,289.2500,285.2000,286.4400,277.6000,18616600
MSFT,2021-08-09,289.7500,291.5500,287.8100,288.3300,279.4300,16117629
MSFT,2021-08-06,288.5100,289.5000,287.6200,289.4600,280.5300,16589336
MSFT,2021-08-05,286.8800,289.6300,286.1000,289.5200,280.5800,13900200
MSFT,2021-08-04,286.2200,287.5900,284.6500,286.5100,277.6700,16191301
MSFT,2021-08-03,285.4200,287.2300,284.0000,287.1200,278.2600,17879048
MSFT,2021-08-02,286.3600,286.7700,283.7400,284.8200,276.0300,16267400
MSFT,2021-07-30,285.1700,286.6600,283.9100,284.9100,276.1200,20944846
MSFT,2021-07-29,286.2400,288.6200,286.0800,286.5000,277.6600,18168300
MSFT,2021-07-28,288.9900,290.1500,283.8300,286.2200,277.3900,33566900
MSFT,2021-07-27,289.4300,289.5800,282.9500,286.5400,277.7000,33604100
MSFT,2021-07-26,289.0000,289.6900,286.6400,289.0500,280.1300,23176100
MSFT,2021-07-23,287.3700,289.9900,286.5000,289.6700,280.7300,22768100
MSFT,2021-07-22,283.8400,286.4200,283.4200,286.1400,277.3100,23384100
MSFT,2021-07-21,278.9000,281.5200,277.2900,281.4000,272.7200,24364320
MSFT,2021-07-20,278.0300,280.9700,276.2600,279.3200,270.7000,26259741
MSFT,2021-07-19,278.9300,280.3700,274.4500,277.0100,268.4600,32935634
MSFT,2021-07-16,282.0700,284.1000,279.4600,280.7500,272.0900,26186848
MSFT,2021-07-15,282.0000,282.5100,279.8300,281.0300,272.3600,22604227
MSFT,2021-07-14,282.3500,283.6600,280.5500,282.5100,273.7900,23113700
MSFT,2021-07-13,277.5200,282.8500,277.3900,280.9800,272.3100,26120128
MSFT,2021-07-12,279.1600,279.7700,276.5800,277.3200,268.7600,18931700
MSFT,2021-07-09,275.7200,278.0500,275.3200,277.9400,269.3600,23916700
MSFT,2021-07-08,276.9000,278.7300,274.8700,277.4200,268.8600,24618600
MSFT,2021-07-07,279.4000,280.6900,277.1500,279.9300,271.2900,23260031
MSFT,2021-07-06,278.0300,279.3700,274.3000,277.6600,269.0900,31565600
MSFT,2021-07-02,272.8200,278.0000,272.5000,277.6500,269.0800,26474408
MSFT,2021-07-01,269.6100,271.8400,269.6000,271.6000,263.2200,16725323
MSFT,2021-06-30,270.6900,271.3600,269.6000,270.9000,262.5400,21656500
MSFT,2021-06-29,268.8700,271.6500,267.9800,271.4000,263.0200,19937811
MSFT,2021-06-28,266.1900,268.9000,265.9100,268.7200,260.4300,19590024
MSFT,2021-06-25,266.2300,267.2500,264.7600,265.0200,256.8400,25611113
MSFT,2021-06-24,266.1600,267.8500,265.4700,266.6900,258.4600,21446900
MSFT,2021-06-23,265.9900,266.8300,264.4300,265.2700,257.0900,19518700
MSFT,2021-06-22,262.7200,265.7900,262.4000,265.5100,257.3200,24694100
MSFT,2021-06-21,259.8200,263.5200,257.9200,262.6300,254.5200,26696119
MSFT,2021-06-18,259.6300,262.3000,258.7500,259.4300,251.4200,37202217
MSFT,2021-06-17,256.0700,261.7500,256.0100,260.9000,252.8500,27565537
MSFT,2021-06-16,259.4000,260.5800,254.4200,257.3800,249.4400,27220000
MSFT,2021-06-15,259.7700,259.9900,257.6800,258.3600,250.3900,18038931
MSFT,2021-06-14,257.9000,259.9500,256.8000,259.8900,251.8700,19150507
MSFT,2021-06-11,257.9900,258.4900,256.6100,257.8900,249.9300,18999731
MSFT,2021-06-10,254.2900,257.4600,253.6700,257.2400,249.3000,24563619
MSFT,2021-06-09,253.8100,255.5300,253.2100,253.5900,245.7600,17937634
MSFT,2021-06-08,255.1600,256.0100,252.5100,252.5700,244.7800,22455000
MSFT,2021-06-07,249.9800,254.0900,249.8100,253.8100,245.9800,23079200
MSFT,2021-06-04,247.7600,251.6500,247.5100,250.7900,243.0500,25281100
MSFT,2021-06-03,245.2200,246.3400,243.0000,245.7100,238.1300,25307711
MSFT,2021-06-02,248.1300,249.2700,245.8400,247.3000,239.6700,19406705
MSFT,2021-06-01,251.2300,251.2900,246.9600,247.4000,239.7600,23213310
MSFT,2021-05-28,251.0000,252.0800,249.5600,249.6800,241.9700,18274942
MSFT,2021-05-27,251.1700,251.4800,249.2500,249.3100,241.6200,24426244
MSFT,2021-05-26,251.4300,252.9400,250.7500,251.4900,243.7300,17771600
MSFT,2021-05-25,251.7700,252.7500,250.8200,251.7200,243.9500,17704303
MSFT,2021-05-24,247.7900,251.1600,247.5100,250.7800,243.0400,21411547
MSFT,2021-05-21,247.5700,248.3300,244.7400,245.1700,237.6000,21863100
MSFT,2021-05-20,243.9600,247.9500,243.8600,246.4800,238.8700,21800716
MSFT,2021-05-19,239.3100,243.2300,238.6000,243.1200,235.6200,25739807
MSFT,2021-05-18,246.2700,246.4100,242.9000,243.0800,235.0400,20168000
MSFT,2021-05-17,246.5500,246.5900,243.5200,245.1800,237.0700,24970200
MSFT,2021-05-14,245.5800,249.1800,245.4900,248.1500,239.9400,23901100
MSFT,2021-05-13,241.8000,245.6000,241.4200,243.0300,234.9900,29624300
MSFT,2021-05-12,242.1700,244.3800,238.0700,239.0000,231.0900,36684400
MSFT,2021-05-11,244.5500,246.6000,242.5700,246.2300,238.0800,33641600
MSFT,2021-05-10,250.8700,251.7300,247.1200,247.1800,239.0000,29299900
MSFT,2021-05-07,252.1500,254.3000,251.1700,252.4600,244.1100,27032912
MSFT,2021-05-06,246.4500,249.8600,244.6900,249.7300,241.4700,26491100
MSFT,2021-05-05,249.0600,249.5000,245.8200,246.4700,238.3100,21901325
MSFT,2021-05-04,250.9700,251.2100,245.7600,247.7900,239.5900,32756100
MSFT,2021-05-03,253.4000,254.3500,251.1200,251.8600,243.5200,19626600
MSFT,2021-04-30,249.7400,253.0800,249.6000,252.1800,243.8300,30945100
MSFT,2021-04-29,255.4600,256.1000,249.0000,252.5100,244.1500,40589023
MSFT,2021-04-28,256.0800,256.5400,252.9500,254.5600,246.1400,46903119
MSFT,2021-04-27,261.5800,263.1900,260.1200,261.9700,253.3000,31014213
MSFT,2021-04-26,261.6600,262.4400,260.1700,261.5500,252.8900,19763346
MSFT,2021-04-23,257.8800,261.5100,257.2700,261.1500,252.5100,21499286
MSFT,2021-04-22,260.2100,261.7800,255.6400,257.1700,248.6600,25606200
MSFT,2021-04-21,258.9400,260.6800,257.2500,260.5800,251.9600,24030400
MSFT,2021-04-20,257.8200,260.2000,256.8400,258.2600,249.7100,19722900
MSFT,2021-04-19,260.1900,261.4800,257.8200,258.7400,250.1800,23209300
MSFT,2021-04-16,259.4700,261.0000,257.6000,260.7400,252.1100,24878600
MSFT,2021-04-15,257.9300,259.9300,257.7300,259.5000,250.9100,25627500
MSFT,2021-04-14,257.4800,258.8300,255.1600,255.5900,247.1300,23070938
MSFT,2021-04-13,257.2600,259.1900,256.8300,258.4900,249.9400,23837500
MSFT,2021-04-12,254.7100,257.6700,254.6200,255.9100,247.4400,27148700
MSFT,2021-04-09,252.8700,255.9900,252.4400,255.8500,247.3800,24326833
MSFT,2021-04-08,252.7700,254.1400,252.0000,253.2500,244.8700,23625200
MSFT,2021-04-07,247.8100,250.9300,247.1900,249.9000,241.6300,22719835
MSFT,2021-04-06,247.6100,249.4000,246.8800,247.8600,239.6600,22931923
MSFT,2021-04-05,242.7600,249.9600,242.7000,249.0700,240.8300,36910609
MSFT,2021-04-01,238.4700,242.8400,238.0500,242.3500,234.3300,30338000
MSFT,2021-03-31,232.9100,239.1000,232.3900,235.7700,227.9700,43623500
MSFT,2021-03-30,233.5300,233.8500,231.1000,231.8500,224.1800,24792012
MSFT,2021-03-29,236.5900,236.8000,231.8800,235.2400,227.4500,25227500
MSFT,2021-03-26,231.5500,236.7100,231.5500,236.4800,228.6500,25479900
MSFT,2021-03-25,235.3000,236.9400,231.5700,232.3400,224.6500,34061900
MSFT,2021-03-24,237.8500,238.0000,235.3200,235.4600,227.6700,25620127
MSFT,2021-03-23,237.4900,241.0500,237.0700,237.5800,229.7200,31638400
MSFT,2021-03-22,230.2700,236.9000,230.1400,235.9900,228.1800,30127005
MSFT,2021-03-19,231.0200,232.4700,229.3500,230.3500,222.7300,46430730
MSFT,2021-03-18,232.5600,234.1900,230.3300,230.7200,223.0800,34852251
MSFT,2021-03-17,236.1500,238.5500,233.2300,237.0400,229.2000,29562100
MSFT,2021-03-16,236.2800,240.0600,235.9400,237.7100,229.8400,28092200
MSFT,2021-03-15,234.9600,235.1900,231.8100,234.8100,227.0400,26042669
MSFT,2021-03-12,234.0100,235.8200,233.2300,235.7500,227.9500,22653700
MSFT,2021-03-11,234.9600,239.1700,234.3100,237.1300,229.2800,29907600
MSFT,2021-03-10,237.0000,237.0000,232.0400,232.4200,224.7300,29746812
MSFT,2021-03-09,232.8800,235.3800,231.6700,233.7800,226.0400,33080531
MSFT,2021-03-08,231.3700,233.3700,227.1300,227.3900,219.8600,35267440
MSFT,2021-03-05,229.5200,233.2700,226.4600,231.6000,223.9400,41872800
MSFT,2021-03-04,226.7400,232.4900,224.2600,226.7300,219.2300,44727800
MSFT,2021-03-03,232.1600,233.5800,227.2600,227.5600,220.0300,34029526
MSFT,2021-03-02,237.0100,237.3000,233.4500,233.8700,226.1300,22812500
MSFT,2021-03-01,235.9000,237.4700,233.1500,236.9400,229.1000,25332837
MSFT,2021-02-26,231.5300,235.3700,229.5400,232.3800,224.6900,37819227
MSFT,2021-02-25,232.0800,234.5900,227.8800,228.9900,221.4100,39542235
MSFT,2021-02-24,230.0100,235.2000,229.0000,234.5500,226.7900,26339746
MSFT,2021-02-23,230.3300,234.8300,228.7300,233.2700,225.5500,30228704
MSFT,2021-02-22,237.4200,237.9300,232.4000,234.5100,226.7500,36446936
MSFT,2021-02-19,243.7500,243.8600,240.1800,240.9700,233.0000,25262600
MSFT,2021-02-18,241.8000,243.9300,240.8600,243.7900,235.7200,16925600
MSFT,2021-02-17,241.3200,244.3100,240.9400,244.2000,236.1200,21673109
MSFT,2021-02-16,245.0300,246.1300,242.9200,243.7000,235.0900,26728500
MSFT,2021-02-12,243.9300,245.3000,242.7300,244.9900,236.3400,16561100
MSFT,2021-02-11,244.7800,245.1500,242.1500,244.4900,235.8600,15751100
MSFT,2021-02-10,245.0000,245.9200,240.8900,242.8200,234.2400,22186706
MSFT,2021-02-09,241.8700,244.7600,241.3800,243.7700,235.1600,23565000
MSFT,2021-02-08,243.1500,243.6800,240.8100,242.4700,233.9100,22211929
MSFT,2021-02-05,242.2300,243.2800,240.4200,242.2000,233.6500,18054800
MSFT,2021-02-04,242.6600,243.2400,240.3700,242.0100,233.4600,25296100
MSFT,2021-02-03,239.5700,245.0900,239.2600,243.0000,234.4200,27158104
MSFT,2021-02-02,241.3000,242.3100,238.6900,239.5100,231.0500,25916337
MSFT,2021-02-01,235.0600,242.5000,232.4300,239.6500,231.1900,33314200
MSFT,2021-01-29,235.9900,238.0200,231.3500,231.9600,223.7700,42503138
MSFT,2021-01-28,235.6100,242.6400,235.0900,238.9300,230.4900,49111200
MSFT,2021-01-27,238.0000,240.4400,230.1400,232.9000,224.6700,69870638
MSFT,2021-01-26,231.8600,234.1800,230.0800,232.3300,224.1200,49169601
MSFT,2021-01-25,229.1200,229.7800,224.2200,229.5300,221.4200,33152100
MSFT,2021-01-22,227.0800,230.0700,225.8000,225.9500,217.9700,30172700
MSFT,2021-01-21,224.7000,226.3000,222.4200,224.9700,217.0200,30749553
MSFT,2021-01-20,217.7000,225.7900,217.2900,224.3400,216.4200,37777300
MSFT,2021-01-19,213.7500,216.9800,212.6300,216.4400,208.8000,30480900
MSFT,2021-01-15,213.5200,214.5100,212.0300,212.6500,205.1400,31746512
MSFT,2021-01-14,215.9100,217.4600,212.7400,213.0200,205.5000,29480800
MSFT,2021-01-13,214.0200,216.7600,213.9300,216.3400,208.7000,20087100
MSFT,2021-01-12,216.5000,217.1000,213.3200,214.9300,207.3400,23249336
MSFT,2021-01-11,218.4700,218.9100,216.7300,217.4900,209.8100,23047029
MSFT,2021-01-08,218.6800,220.5800,217.0300,219.6200,211.8600,22956206
MSFT,2021-01-07,214.0400,219.3400,213.7100,218.2900,210.5800,27694500
MSFT,2021-01-06,212.1700,216.4900,211.9400,212.2500,204.7500,35930700
MSFT,2021-01-05,217.2600,218.5200,215.7000,217.9000,210.2000,23823000
MSFT,2021-01-04,222.5300,223.0000,214.8100,217.6900,210.0000,37130139
MSFT,2020-12-31,221.7000,223.0000,219.6800,222.4200,214.5600,20942132
MSFT,2020-12-30,225.2300,225.6300,221.4700,221.6800,213.8500,20272337
MSFT,2020-12-29,226.3100,227.1800,223.5800,224.1500,216.2300,17403213
MSFT,2020-12-28,224.4500,226.0300,223.0200,224.9600,217.0200,17933500
MSFT,2020-12-24,221.4200,223.6100,221.2000,222.7500,214.8800,10550600
MSFT,2020-12-23,223.1100,223.5600,220.8000,221.0200,213.2100,18699638
MSFT,2020-12-22,222.6900,225.6300,221.8500,223.9400,216.0300,22643397
MSFT,2020-12-21,217.5500,224.0000,217.2800,222.5900,214.7300,37181900
MSFT,2020-12-18,218.5900,219.6900,216.0200,218.5900,210.8700,63354922
MSFT,2020-12-17,219.8700,220.8900,217.9200,219.4200,211.6700,32515800
MSFT,2020-12-16,214.7500,220.1100,214.7200,219.2800,211.5400,35023300
MSFT,2020-12-15,215.1700,215.4200,212.2400,214.1300,206.5700,27018106
MSFT,2020-12-14,213.1000,216.2100,212.8800,214.2000,206.6400,28798400
MSFT,2020-12-11,210.0500,213.3200,209.1100,213.2600,205.7300,30979440
MSFT,2020-12-10,211.7700,213.0800,210.3600,210.5200,203.0900,26733300
MSFT,2020-12-09,215.1600,215.2300,211.2100,211.8000,204.3200,32440603
MSFT,2020-12-08,213.9700,216.9500,212.8900,216.0100,208.3800,23284100
MSFT,2020-12-07,214.3700,215.5400,212.9900,214.2900,206.7200,24620000
MSFT,2020-12-04,214.2200,215.3800,213.1800,214.3600,206.7900,24666039
MSFT,2020-12-03,214.6100,216.3800,213.6500,214.2400,206.6700,25120922
MSFT,2020-12-02,214.8800,215.4700,212.8000,215.3700,207.7600,23724509
MSFT,2020-12-01,214.5100,217.3200,213.3500,216.2100,208.5700,30931318
MSFT,2020-11-30,214.1000,214.7600,210.8400,214.0700,206.5100,33064800
MSFT,2020-11-27,214.8500,216.2700,214.0400,215.2300,207.6300,14512213
MSFT,2020-11-25,215.1100,215.2900,212.4600,213.8700,206.3200,21012900
MSFT,2020-11-24,209.5900,214.2500,208.8600,213.8600,206.3100,33979731
MSFT,2020-11-23,210.9500,212.2900,208.1600,210.1100,202.6900,25683507
MSFT,2020-11-20,212.2000,213.2900,210.0000,210.3900,202.9600,22843119
MSFT,2020-11-19,211.3800,213.0300,209.9300,212.4200,204.9200,24792746
MSFT,2020-11-18,213.6500,215.1700,210.9300,211.0800,203.6300,28372800
MSFT,2020-11-17,216.1000,217.6800,214.0800,214.4600,206.3500,24154112
MSFT,2020-11-16,214.8700,217.7400,214.5200,217.2300,209.0100,24953344
MSFT,2020-11-13,216.3600,217.4200,214.1600,216.5100,208.3200,18630307
MSFT,2020-11-12,217.2100,219.1100,214.4600,215.4400,207.2900,21616115
MSFT,2020-11-11,212.3900,218.0400,212.2000,216.5500,208.3600,29440800
MSFT,2020-11-10,214.5000,216.5000,209.7200,211.0100,203.0300,44045120
MSFT,2020-11-09,224.4400,228.1200,217.8800,218.3900,210.1300,44395000
MSFT,2020-11-06,222.2600,224.3600,218.0300,223.7200,215.2600,25231900
MSFT,2020-11-05,222.0400,224.1200,221.1500,223.2900,214.8400,36080137
MSFT,2020-11-04,214.0200,218.3200,212.4200,216.3900,208.2000,42311800
MSFT,2020-11-03,203.8900,208.1200,203.1200,206.4300,198.6200,27512030
MSFT,2020-11-02,204.2900,205.2800,200.1200,202.3300,194.6700,30842200
MSFT,2020-10-30,203.5000,204.2900,199.6200,202.4700,194.8100,36980111
MSFT,2020-10-29,204.0700,207.3600,203.3700,204.7200,196.9700,31432600
MSFT,2020-10-28,207.6700,208.8400,202.1000,202.6800,195.0100,51195600
MSFT,2020-10-27,211.5900,214.6700,210.3300,213.2500,205.1800,36700325
MSFT,2020-10-26,213.8500,216.3400,208.1000,210.0800,202.1300,37111600
MSFT,2020-10-23,215.0300,216.2800,213.1600,216.2300,208.0500,18879608
MSFT,2020-10-22,213.9300,216.0600,211.7000,214.8900,206.7600,22351500
MSFT,2020-10-21,213.1200,216.9200,213.1200,214.8000,206.6700,22724906
MSFT,2020-10-20,215.8000,217.3700,213.0900,214.6500,206.5300,22753511
MSFT,2020-10-19,220.4200,222.3000,213.7200,214.2200,206.1100,27625841
MSFT,2020-10-16,220.1500,222.2900,219.3200,219.6600,211.3500,26057900
MSFT,2020-10-15,217.1000,220.3600,216.0100,219.6600,211.3500,22733100
MSFT,2020-10-14,223.0000,224.2200,219.1300,220.8600,212.5000,23451713
MSFT,2020-10-13,222.7200,225.2100,220.4300,222.8600,214.4300,28950843
MSFT,2020-10-12,218.7900,223.8600,216.8100,221.4000,213.0200,40461400
MSFT,2020-10-09,211.2300,215.8600,211.2300,215.8100,207.6400,26458047
MSFT,2020-10-08,210.5100,211.1900,208.3200,210.5800,202.6100,19925837
MSFT,2020-10-07,207.0600,210.1100,206.7200,209.8300,201.8900,25681100
MSFT,2020-10-06,208.8200,210.1800,204.8200,205.9100,198.1200,28554300
MSFT,2020-10-05,207.2200,210.4100,206.9800,210.3800,202.4200,21331600
MSFT,2020-10-02,208.0000,210.9900,205.5400,206.1900,198.3900,33154800
MSFT,2020-10-01,213.4900,213.9900,211.3200,212.4600,204.4200,27158418
MSFT,2020-09-30,207.7300,211.9800,206.5400,210.3300,202.3700,33829100
MSFT,2020-09-29,209.3500,210.0700,206.8100,207.2600,199.4200,24464472
MSFT,2020-09-28,210.8800,212.5700,208.0600,209.4400,201.5200,32004936
MSFT,2020-09-25,203.5500,209.0400,202.5400,207.8200,199.9600,29437312
MSFT,2020-09-24,199.8500,205.5700,199.2000,203.1900,195.5000,31202500
MSFT,2020-09-23,207.9000,208.1000,200.0300,200.5900,193.0000,30803800
MSFT,2020-09-22,205.0600,208.1000,202.0800,207.4200,199.5700,33517100
MSFT,2020-09-21,197.1900,202.7100,196.3800,202.5400,194.8800,39839700
MSFT,2020-09-18,202.8000,203.6500,196.2500,200.3900,192.8100,55225326
MSFT,2020-09-17,200.0500,204.3300,199.9600,202.9100,195.2300,34011300
MSFT,2020-09-16,210.6200,210.6500,204.6400,205.0500,197.2900,26372464
MSFT,2020-09-15,208.4200,209.7800,206.9300,208.7800,200.8800,21823942
MSFT,2020-09-14,204.2400,209.2000,204.0300,205.4100,197.6400,30375800
MSFT,2020-09-11,207.2000,208.6300,201.2400,204.0300,196.3100,33620100
MSFT,2020-09-10,213.4000,214.7400,204.1100,205.3700,197.6000,35461514
MSFT,2020-09-09,207.6000,214.8400,206.7000,211.2900,203.3000,45679000
MSFT,2020-09-08,206.5000,210.0300,202.2000,202.6600,194.9900,52924330
MSFT,2020-09-04,215.1000,218.3600,205.1900,214.2500,206.1400,59664100
MSFT,2020-09-03,229.2700,229.3100,214.9600,217.3000,209.0800,58400300
MSFT,2020-09-02,227.9700,232.8600,227.3500,231.6500,222.8900,34080839
MSFT,2020-09-01,225.5100,227.4500,224.4300,227.2700,218.6700,25791235
MSFT,2020-08-31,227.0000,228.7000,224.3100,225.5300,217.0000,28774200
MSFT,2020-08-28,228.1800,230.6400,226.5800,228.9100,220.2500,26292900
MSFT,2020-08-27,222.8900,231.1500,219.4000,226.5800,218.0100,57602200
MSFT,2020-08-26,217.8800,222.0900,217.3600,221.1500,212.7800,39600828
MSFT,2020-08-25,213.1000,216.6100,213.1000,216.4700,208.2800,23043700
MSFT,2020-08-24,214.7900,215.5200,212.4300,213.6900,205.6000,25460147
MSFT,2020-08-21,213.8600,216.2500,212.8500,213.0200,204.9600,36249319
MSFT,2020-08-20,209.5400,215.0000,208.9100,214.5800,206.4600,26981500
MSFT,2020-08-19,211.4900,212.1000,209.2500,209.7000,201.7700,27627600
MSFT,2020-08-18,210.5300,212.3600,209.2100,211.4900,203.0000,21336200
MSFT,2020-08-17,209.6000,211.1900,208.9200,210.2800,201.8400,20184800
MSFT,2020-08-14,208.7600,209.5900,207.5100,208.9000,200.5100,17958936
MSFT,2020-08-13,209.4400,211.3500,208.1500,208.7000,200.3200,22588900
MSFT,2020-08-12,205.2900,210.2800,204.7500,209.1900,200.7900,28041364
MSFT,2020-08-11,207.1600,207.6500,203.1400,203.3800,195.2100,36446500
MSFT,2020-08-10,211.6700,211.8800,206.3500,208.2500,199.8900,36716500
MSFT,2020-08-07,214.8500,215.7000,210.9300,212.4800,203.9500,27820421
MSFT,2020-08-06,212.3400,216.3700,211.5500,216.3500,207.6600,32656843
MSFT,2020-08-05,214.9000,215.0000,211.5700,212.9400,204.3900,28858621
MSFT,2020-08-04,214.1700,214.7700,210.3100,213.2900,204.7300,49280100
MSFT,2020-08-03,211.5200,217.6400,210.4400,216.5400,207.8400,78983009
MSFT,2020-07-31,204.4000,205.1000,199.0100,205.0100,196.7800,51247969
MSFT,2020-07-30,201.0000,204.4600,199.5700,203.9000,195.7100,25079600
MSFT,2020-07-29,202.5000,204.6500,202.0100,204.0600,195.8700,19632602
MSFT,2020-07-28,203.6100,204.7000,201.7400,202.0200,193.9100,23251400
MSFT,2020-07-27,201.4700,203.9700,200.8600,203.8500,195.6600,30160900
MSFT,2020-07-24,200.4200,202.8600,197.5100,201.3000,193.2200,39827000
MSFT,2020-07-23,207.1900,210.9200,202.1500,202.5400,194.4100,67457035
MSFT,2020-07-22,209.2000,212.3000,208.3900,211.7500,203.2500,49605700
MSFT,2020-07-21,213.6600,213.9400,208.0300,208.7500,200.3700,38105777
MSFT,2020-07-20,205.0000,212.3000,203.0100,211.6000,203.1000,36884836
MSFT,2020-07-17,204.4700,205.0400,201.3900,202.8800,194.7300,31635300
MSFT,2020-07-16,205.4000,205.7000,202.3100,203.9200,195.7300,29940700
MSFT,2020-07-15,209.5600,211.3300,205.0300,208.0400,199.6900,32179409
MSFT,2020-07-14,206.1300,208.8500,202.0300,208.3500,199.9800,37591820
MSFT,2020-07-13,214.4800,215.8000,206.5000,207.0700,198.7600,38135606
MSFT,2020-07-10,213.6200,214.0800,211.0800,213.6700,205.0900,26177633
MSFT,2020-07-09,216.3300,216.3800,211.4700,214.3200,205.7100,33121700
MSFT,2020-07-08,210.0700,213.2600,208.6900,212.8300,204.2800,33600025
MSFT,2020-07-07,210.4500,214.6700,207.9900,208.2500,199.8900,33600732
MSFT,2020-07-06,208.8300,211.1300,208.0900,210.7000,202.2400,31897629
MSFT,2020-07-02,205.6800,208.0200,205.0000,206.2600,197.9800,29315800
MSFT,2020-07-01,203.1400,206.3500,201.7700,204.7000,196.4800,32061206
MSFT,2020-06-30,197.8800,204.4000,197.7400,203.5100,195.3400,34310300
MSFT,2020-06-29,195.7800,198.5300,193.5500,198.4400,190.4700,26701600
MSFT,2020-06-26,199.7300,199.8900,194.8800,196.3300,188.4500,54675800
MSFT,2020-06-25,197.8000,200.6100,195.4700,200.3400,192.3000,27803933
MSFT,2020-06-24,201.6000,203.2500,196.5600,197.8400,189.9000,36740647
MSFT,2020-06-23,202.0900,203.9500,201.4300,201.9100,193.8000,30917447
MSFT,2020-06-22,195.7900,200.7600,195.2300,200.5700,192.5200,32818929
MSFT,2020-06-19,198.5900,199.2900,194.3700,195.1500,187.3100,44441141
MSFT,2020-06-18,194.0000,196.4900,194.0000,196.3200,188.4400,23061648
MSFT,2020-06-17,195.0300,196.3200,193.6900,194.2400,186.4400,25687822
MSFT,2020-06-16,192.8900,195.5800,191.4600,193.5700,185.8000,42556700
MSFT,2020-06-15,184.5800,190.8200,184.0100,188.9400,181.3500,32770200
MSFT,2020-06-12,190.5400,191.7200,185.1800,187.7400,180.2000,43373600
MSFT,2020-06-11,193.1300,195.7600,186.0700,186.2700,178.7900,52854700
MSFT,2020-06-10,191.1300,198.5200,191.0100,196.8400,188.9400,43872329
MSFT,2020-06-09,188.0000,190.7000,187.2600,189.8000,182.1800,29783916
MSFT,2020-06-08,185.9400,188.5500,184.4400,188.3600,180.8000,33211600
MSFT,2020-06-05,182.6200,187.7300,182.0100,187.2000,179.6800,39893643
MSFT,2020-06-04,184.3000,185.8400,182.3000,182.9200,175.5700,28761809
MSFT,2020-06-03,184.8200,185.9400,183.5800,185.3600,177.9200,27311016
MSFT,2020-06-02,184.2500,185.0000,181.3500,184.9100,177.4800,30794600
MSFT,2020-06-01,182.5400,183.0000,181.4600,182.8300,175.4900,22668821
MSFT,2020-05-29,182.7300,184.2700,180.4100,183.2500,175.8900,42146720
MSFT,2020-05-28,180.7400,184.1500,180.3800,181.4000,174.1200,33831824
MSFT,2020-05-27,180.2000,181.9900,176.6000,181.8100,174.5100,39517146
MSFT,2020-05-26,186.3400,186.5000,181.1000,181.5700,174.2800,36073609
MSFT,2020-05-22,183.1900,184.4600,182.5400,183.5100,176.1400,20826900
MSFT,2020-05-21,185.4000,186.6700,183.2900,183.4300,176.0600,29119513
MSFT,2020-05-20,184.8100,185.8500,183.9400,185.6600,178.2000,31261334
MSFT,2020-05-19,185.0300,186.6000,183.4900,183.6300,175.7700,26799116
MSFT,2020-05-18,185.7500,186.2000,183.9600,184.9100,176.9900,35306620
MSFT,2020-05-15,179.0600,187.0600,177.0000,183.1600,175.3200,46610400
MSFT,2020-05-14,177.5400,180.6900,175.6800,180.5300,172.8000,41873911
MSFT,2020-05-13,182.5500,184.0500,176.5400,179.7500,172.0500,44711500
MSFT,2020-05-12,186.8000,187.0400,182.3000,182.5100,174.6900,32038200
MSFT,2020-05-11,183.1500,187.5100,182.8500,186.7400,178.7400,30892700
MSFT,2020-05-08,184.9800,185.0000,183.3600,184.6800,176.7700,30912638
MSFT,2020-05-07,184.1700,184.5500,182.5800,183.6000,175.7400,28316000
MSFT,2020-05-06,182.0800,184.2000,181.6300,182.5400,174.7200,32139300
MSFT,2020-05-05,180.6200,183.6500,179.9000,180.7600,173.0200,36839200
MSFT,2020-05-04,174.4900,179.0000,173.8000,178.8400,171.1800,30372900
MSFT,2020-05-01,175.8000,178.6400,174.0100,174.5700,167.0900,39370500
MSFT,2020-04-30,180.0000,180.4000,176.2300,179.2100,171.5400,53875900
MSFT,2020-04-29,173.2200,177.6800,171.8800,177.4300,169.8300,51286600
MSFT,2020-04-28,175.5900,175.6700,169.3900,169.8100,162.5400,34392700
MSFT,2020-04-27,176.5900,176.9000,173.3000,174.0500,166.6000,33194400
MSFT,2020-04-24,172.0600,174.5600,170.7100,174.5500,167.0800,34305320
MSFT,2020-04-23,174.1100,175.0600,170.9100,171.4200,164.0800,32790804
MSFT,2020-04-22,171.3900,174.0000,170.8200,173.5200,166.0900,34651604
MSFT,2020-04-21,173.5000,173.6700,166.1100,167.8200,160.6300,56203749
MSFT,2020-04-20,176.6300,178.7500,174.9900,175.0600,167.5600,36669600
MSFT,2020-04-17,179.5000,180.0000,175.8700,178.6000,170.9500,52765625
MSFT,2020-04-16,174.3000,177.2800,172.9000,177.0400,169.4600,50479610
MSFT,2020-04-15,171.2000,173.5700,169.2400,171.8800,164.5200,40940833
MSFT,2020-04-14,169.0000,173.7500,168.0000,173.7000,166.2600,52874338
MSFT,2020-04-13,164.3500,165.5700,162.3000,165.5100,158.4200,41905300
MSFT,2020-04-09,166.3600,167.3700,163.3300,165.1400,158.0700,51431775
MSFT,2020-04-08,165.6700,166.6700,163.5000,165.1300,158.0600,48318234
